Increments,Abscissas in mm,Ordinates in mm,Grey values
0,3.650,3.678,46649
1,3.657,3.672,48724
2,3.663,3.665,50543
3,3.670,3.659,51959
4,3.676,3.653,52917
5,3.683,3.646,53478
6,3.689,3.640,53761
7,3.696,3.633,53864
8,3.702,3.627,53823
9,3.709,3.621,53628
10,3.715,3.615,53232
11,3.722,3.608,52562
12,3.728,3.602,51524
13,3.735,3.596,50020
14,3.741,3.590,48014
15,3.748,3.584,45557
16,3.754,3.578,42789
17,3.761,3.572,39896
18,3.767,3.566,38461
19,3.774,3.560,35713
20,3.780,3.554,33218
21,3.787,3.548,31054
22,3.793,3.542,29265
23,3.800,3.536,27874
24,3.806,3.530,26870
25,3.813,3.524,26211
26,3.819,3.518,25826
27,3.826,3.512,25644
28,3.832,3.507,25610
29,3.839,3.501,25708
30,3.845,3.495,25888
31,3.852,3.490,26253
32,3.858,3.484,26865
33,3.865,3.478,27777
34,3.871,3.473,29018
35,3.878,3.467,30592
36,3.884,3.461,32479
37,3.891,3.456,33887
38,3.897,3.450,36241
39,3.904,3.445,38777
40,3.910,3.439,41376
41,3.917,3.434,43877
42,3.923,3.428,46105
43,3.930,3.423,47556
44,3.936,3.418,49063
45,3.943,3.412,50090
46,3.949,3.407,50728
47,3.956,3.402,51096
48,3.962,3.396,51298
49,3.969,3.391,51535
50,3.975,3.386,51589
51,3.982,3.381,51606
52,3.988,3.375,51610
53,3.995,3.370,51610
54,4.002,3.365,51740
55,4.008,3.360,51720
56,4.015,3.355,51662
57,4.021,3.350,51542
58,4.028,3.345,51581
59,4.034,3.340,51294
60,4.041,3.335,50812
61,4.047,3.330,50041
62,4.054,3.325,48867
63,4.060,3.320,48043
64,4.067,3.315,46072
65,4.073,3.310,43709
66,4.080,3.305,41156
67,4.086,3.300,39657
68,4.093,3.295,37208
69,4.099,3.290,34997
70,4.106,3.285,33072
71,4.112,3.281,32037
72,4.119,3.276,30646
73,4.125,3.271,29662
74,4.132,3.266,29213
75,4.138,3.262,28818
76,4.145,3.257,28680
77,4.151,3.252,28728
78,4.158,3.248,28780
79,4.164,3.243,29134
80,4.171,3.238,29759
81,4.177,3.234,30220
82,4.184,3.229,31390
83,4.190,3.225,32931
84,4.197,3.220,34849
85,4.203,3.216,36046
86,4.210,3.211,38556
87,4.216,3.207,41372
88,4.223,3.202,42985
89,4.229,3.198,45914
90,4.236,3.193,48573
91,4.242,3.189,49784
92,4.249,3.185,51472
93,4.255,3.180,52429
94,4.262,3.176,52621
95,4.268,3.171,52677
96,4.275,3.167,52215
97,4.281,3.163,51546
98,4.288,3.159,49971
99,4.294,3.154,47704
100,4.301,3.150,45989
101,4.307,3.146,43096
102,4.314,3.142,40174
103,4.320,3.137,38374
104,4.327,3.133,35790
105,4.333,3.129,33580
106,4.340,3.125,32393
107,4.346,3.121,30885
108,4.353,3.117,30147
109,4.359,3.113,29267
110,4.366,3.109,28703
111,4.372,3.105,28482
112,4.379,3.101,28292
113,4.385,3.097,28263
114,4.392,3.093,28316
115,4.398,3.089,28542
116,4.405,3.085,28787
117,4.411,3.081,29412
118,4.418,3.077,30380
119,4.424,3.073,31139
120,4.431,3.069,32724
121,4.437,3.065,33843
122,4.444,3.061,36054
123,4.450,3.057,38616
124,4.457,3.054,40225
125,4.463,3.050,43040
126,4.470,3.046,44638
127,4.476,3.042,47094
128,4.483,3.038,49031
129,4.489,3.035,49882
130,4.496,3.031,50913
131,4.503,3.027,51325
132,4.509,3.024,51785
133,4.516,3.020,51982
134,4.522,3.016,52189
135,4.529,3.013,52279
136,4.535,3.009,52331
137,4.542,3.005,52299
138,4.548,3.002,52248
139,4.555,2.998,52115
140,4.561,2.995,51980
141,4.568,2.991,51726
142,4.574,2.988,51436
143,4.581,2.984,50898
144,4.587,2.981,50249
145,4.594,2.977,49113
146,4.600,2.974,47884
147,4.607,2.970,45945
148,4.613,2.967,43633
149,4.620,2.963,41713
150,4.626,2.960,39219
151,4.633,2.956,37426
152,4.639,2.953,35302
153,4.646,2.950,33916
154,4.652,2.946,32373
155,4.659,2.943,31429
156,4.665,2.940,30453
157,4.672,2.936,29868
158,4.678,2.933,29344
159,4.685,2.930,28993
160,4.691,2.927,28757
161,4.698,2.923,28533
162,4.704,2.920,28462
163,4.711,2.917,28314
164,4.717,2.914,28349
165,4.724,2.910,28245
166,4.730,2.907,28332
167,4.737,2.904,28242
168,4.743,2.901,28333
169,4.750,2.898,28241
170,4.756,2.895,28320
171,4.763,2.892,28232
172,4.769,2.889,28317
173,4.776,2.886,28256
174,4.782,2.882,28214
175,4.789,2.879,28356
176,4.795,2.876,28366
177,4.802,2.873,28580
178,4.808,2.870,28672
179,4.815,2.867,29039
180,4.821,2.864,29287
181,4.828,2.861,29966
182,4.834,2.859,30501
183,4.841,2.856,31688
184,4.847,2.853,32609
185,4.854,2.850,34402
186,4.860,2.847,35712
187,4.867,2.844,37146
188,4.873,2.841,39607
189,4.880,2.838,41212
190,4.886,2.836,43730
191,4.893,2.833,45221
192,4.899,2.830,47302
193,4.906,2.827,48392
194,4.912,2.824,49282
195,4.919,2.822,50251
196,4.925,2.819,50662
197,4.932,2.816,51023
198,4.938,2.813,51155
199,4.945,2.811,51215
200,4.951,2.808,51213
201,4.958,2.805,51171
202,4.964,2.803,50968
203,4.971,2.800,50794
204,4.977,2.797,50317
205,4.984,2.795,49959
206,4.990,2.792,49517
207,4.997,2.789,48456
208,5.004,2.787,47692
209,5.010,2.784,45968
210,5.017,2.782,44826
211,5.023,2.779,43587
212,5.030,2.777,41203
213,5.036,2.774,39874
214,5.043,2.772,37523
215,5.049,2.769,36319
216,5.056,2.767,35175
217,5.062,2.764,33256
218,5.069,2.762,32316
219,5.075,2.759,31447
220,5.082,2.757,30073
221,5.088,2.754,29437
222,5.095,2.752,28478
223,5.101,2.750,28077
224,5.108,2.747,27756
225,5.114,2.745,27314
226,5.121,2.743,27194
227,5.127,2.740,27133
228,5.134,2.738,27042
229,5.140,2.736,27114
230,5.147,2.733,27231
231,5.153,2.731,27436
232,5.160,2.729,27720
233,5.166,2.726,28097
234,5.173,2.724,28773
235,5.179,2.722,29441
236,5.186,2.720,30245
237,5.192,2.718,31548
238,5.199,2.715,32693
239,5.205,2.713,34459
240,5.212,2.711,35929
241,5.218,2.709,37517
242,5.225,2.707,39799
243,5.231,2.705,41526
244,5.238,2.702,43234
245,5.244,2.700,44857
246,5.251,2.698,46823
247,5.257,2.696,47951
248,5.264,2.694,48788
249,5.270,2.692,49499
250,5.277,2.690,49690
251,5.283,2.688,49678
252,5.290,2.686,49295
253,5.296,2.684,48718
254,5.303,2.682,47865
255,5.309,2.680,46049
256,5.316,2.678,44536
257,5.322,2.676,42884
258,5.329,2.674,40187
259,5.335,2.672,38475
260,5.342,2.670,36883
261,5.348,2.668,35449
262,5.355,2.666,33144
263,5.361,2.664,32061
264,5.368,2.662,31159
265,5.374,2.661,29487
266,5.381,2.659,28933
267,5.387,2.657,28535
268,5.394,2.655,28285
269,5.400,2.653,27360
270,5.407,2.651,27394
271,5.413,2.650,27561
272,5.420,2.648,27062
273,5.426,2.646,27438
274,5.433,2.644,27915
275,5.439,2.643,28487
276,5.446,2.641,28398
277,5.452,2.639,29175
278,5.459,2.637,30071
279,5.465,2.636,31098
280,5.472,2.634,31601
281,5.478,2.632,32926
282,5.485,2.631,34405
283,5.491,2.629,36029
284,5.498,2.627,37257
285,5.505,2.626,39146
286,5.511,2.624,41101
287,5.518,2.622,43063
288,5.524,2.621,44723
289,5.531,2.619,46546
290,5.537,2.618,48162
291,5.544,2.616,49528
292,5.550,2.615,50599
293,5.557,2.613,51473
294,5.563,2.611,52118
295,5.570,2.610,52578
296,5.576,2.608,52833
297,5.583,2.607,53044
298,5.589,2.605,53175
299,5.596,2.604,53244
300,5.602,2.603,53098
301,5.609,2.601,53046
302,5.615,2.600,52945
303,5.622,2.598,52801
304,5.628,2.597,52616
305,5.635,2.595,51979
306,5.641,2.594,51660
307,5.648,2.593,51300
308,5.654,2.591,50896
309,5.661,2.590,50446
310,5.667,2.589,49095
311,5.674,2.587,48449
312,5.680,2.586,47751
313,5.687,2.585,47010
314,5.693,2.583,46234
315,5.700,2.582,44164
316,5.706,2.581,43322
317,5.713,2.579,42515
318,5.719,2.578,41755
319,5.726,2.577,41058
320,5.732,2.576,38990
321,5.739,2.575,38447
322,5.745,2.573,38009
323,5.752,2.572,37679
324,5.758,2.571,37451
325,5.765,2.570,35923
326,5.771,2.569,35889
327,5.778,2.567,35935
328,5.784,2.566,36058
329,5.791,2.565,36259
330,5.797,2.564,36543
331,5.804,2.563,35744
332,5.810,2.562,36212
333,5.817,2.561,36743
334,5.823,2.560,37323
335,5.830,2.559,37934
336,5.836,2.558,38552
337,5.843,2.556,38199
338,5.849,2.555,38768
339,5.856,2.554,39239
340,5.862,2.553,39576
341,5.869,2.552,39761
342,5.875,2.551,39788
343,5.882,2.550,39161
344,5.888,2.549,38978
345,5.895,2.548,38664
346,5.901,2.548,38216
347,5.908,2.547,37631
348,5.914,2.546,36913
349,5.921,2.545,36084
350,5.927,2.544,35266
351,5.934,2.543,34405
352,5.940,2.542,33570
353,5.947,2.541,32801
354,5.953,2.540,32125
355,5.960,2.540,31554
356,5.966,2.539,31094
357,5.973,2.538,30742
358,5.979,2.537,30841
359,5.986,2.536,30701
360,5.992,2.535,30653
361,5.999,2.535,30703
362,6.006,2.534,30865
363,6.012,2.533,31156
364,6.019,2.532,31604
365,6.025,2.532,32244
366,6.032,2.531,33663
367,6.038,2.530,34805
368,6.045,2.530,36178
369,6.051,2.529,37760
370,6.058,2.528,39517
371,6.064,2.527,41398
372,6.071,2.527,43340
373,6.077,2.526,45276
374,6.084,2.525,47124
375,6.090,2.525,48802
376,6.097,2.524,50626
377,6.103,2.524,51623
378,6.110,2.523,52297
379,6.116,2.522,52682
380,6.123,2.522,52822
381,6.129,2.521,52740
382,6.136,2.521,52415
383,6.142,2.520,51800
384,6.149,2.520,50857
385,6.155,2.519,49576
386,6.162,2.519,47993
387,6.168,2.518,46172
388,6.175,2.518,43743
389,6.181,2.517,41695
390,6.188,2.517,39644
391,6.194,2.516,37650
392,6.201,2.516,35758
393,6.207,2.515,34009
394,6.214,2.515,32433
395,6.220,2.515,31046
396,6.227,2.514,29861
397,6.233,2.514,28875
398,6.240,2.513,28079
399,6.246,2.513,27463
400,6.253,2.513,27008
401,6.259,2.512,26691
402,6.266,2.512,26489
403,6.272,2.512,26378
404,6.279,2.511,26300
405,6.285,2.511,26362
406,6.292,2.511,26521
407,6.298,2.510,26799
408,6.305,2.510,27229
409,6.311,2.510,27846
410,6.318,2.510,28675
411,6.324,2.509,29731
412,6.331,2.509,31012
413,6.337,2.509,32501
414,6.344,2.509,34170
415,6.350,2.508,35986
416,6.357,2.508,37910
417,6.363,2.508,39893
418,6.370,2.508,41870
419,6.376,2.508,43760
420,6.383,2.508,45469
421,6.389,2.507,46914
422,6.396,2.507,48038
423,6.402,2.507,48831
424,6.409,2.507,49329
425,6.415,2.507,49597
426,6.422,2.507,49697
427,6.428,2.507,49670
428,6.435,2.507,49543
429,6.441,2.507,49328
430,6.448,2.507,49044
431,6.454,2.507,48719
432,6.461,2.507,48391
433,6.467,2.507,48093
434,6.474,2.507,47849
435,6.480,2.507,47667
436,6.487,2.507,47547
437,6.493,2.507,47482
438,6.500,2.507,47467
439,6.507,2.507,47502
440,6.513,2.507,47586
441,6.520,2.507,47727
442,6.526,2.507,47928
443,6.533,2.507,48187
444,6.539,2.507,48495
445,6.546,2.507,48834
446,6.552,2.507,49178
447,6.559,2.508,49502
448,6.565,2.508,49782
449,6.572,2.508,50001
450,6.578,2.508,50153
451,6.585,2.508,50239
452,6.591,2.508,50260
453,6.598,2.509,50213
454,6.604,2.509,50092
455,6.611,2.509,49886
456,6.617,2.509,49582
457,6.624,2.510,49172
458,6.630,2.510,48658
459,6.637,2.510,48046
460,6.643,2.510,47350
461,6.650,2.511,46597
462,6.656,2.511,45825
463,6.663,2.511,45090
464,6.669,2.512,41959
465,6.676,2.512,41352
466,6.682,2.512,40973
467,6.689,2.513,40837
468,6.695,2.513,40952
469,6.702,2.513,41323
470,6.708,2.514,41952
471,6.715,2.514,42822
472,6.721,2.515,43897
473,6.728,2.515,45126
474,6.734,2.515,46458
475,6.741,2.516,47842
476,6.747,2.516,49225
477,6.754,2.517,50547
478,6.760,2.517,51749
479,6.767,2.518,52786
480,6.773,2.518,52809
481,6.780,2.519,53683
482,6.786,2.519,54319
483,6.793,2.520,54736
484,6.799,2.520,54964
485,6.806,2.521,55028
486,6.812,2.521,54931
487,6.819,2.522,54644
488,6.825,2.522,54116
489,6.832,2.523,53295
490,6.838,2.524,52159
491,6.845,2.524,50732
492,6.851,2.525,49263
493,6.858,2.525,47478
494,6.864,2.526,45611
495,6.871,2.527,43731
496,6.877,2.527,41889
497,6.884,2.528,40129
498,6.890,2.529,38482
499,6.897,2.530,36983
500,6.903,2.530,35659
501,6.910,2.531,34527
502,6.916,2.532,33828
503,6.923,2.532,33109
504,6.929,2.533,32580
505,6.936,2.534,32221
506,6.942,2.535,32003
507,6.949,2.535,31906
508,6.955,2.536,31915
509,6.962,2.537,32027
510,6.968,2.538,32490
511,6.975,2.539,32862
512,6.981,2.540,33400
513,6.988,2.540,34128
514,6.994,2.541,35054
515,7.001,2.542,36167
516,7.008,2.543,37443
517,7.014,2.544,38840
518,7.021,2.545,40568
519,7.027,2.546,42003
520,7.034,2.547,43337
521,7.040,2.548,44485
522,7.047,2.548,45385
523,7.053,2.549,46015
524,7.060,2.550,46397
525,7.066,2.551,46561
526,7.073,2.552,46530
527,7.079,2.553,46323
528,7.086,2.554,45912
529,7.092,2.555,45272
530,7.099,2.556,44414
531,7.105,2.558,43158
532,7.112,2.559,42019
533,7.118,2.560,40873
534,7.125,2.561,39793
535,7.131,2.562,38843
536,7.138,2.563,38068
537,7.144,2.564,37371
538,7.151,2.565,37009
539,7.157,2.566,36810
540,7.164,2.567,36736
541,7.170,2.569,36771
542,7.177,2.570,36920
543,7.183,2.571,37213
544,7.190,2.572,37720
545,7.196,2.573,38434
546,7.203,2.575,39353
547,7.209,2.576,40449
548,7.216,2.577,41813
549,7.222,2.578,43139
550,7.229,2.579,44507
551,7.235,2.581,45853
552,7.242,2.582,47101
553,7.248,2.583,48213
554,7.255,2.585,48985
555,7.261,2.586,49488
556,7.268,2.587,49741
557,7.274,2.589,49775
558,7.281,2.590,49479
559,7.287,2.591,49008
560,7.294,2.593,48250
561,7.300,2.594,47200
562,7.307,2.595,45901
563,7.313,2.597,44177
564,7.320,2.598,42616
565,7.326,2.600,41050
566,7.333,2.601,39535
567,7.339,2.603,38116
568,7.346,2.604,36606
569,7.352,2.605,35524
570,7.359,2.607,34654
571,7.365,2.608,34009
572,7.372,2.610,33496
573,7.378,2.611,33283
574,7.385,2.613,33207
575,7.391,2.615,33245
576,7.398,2.616,33440
577,7.404,2.618,33786
578,7.411,2.619,34319
579,7.417,2.621,35064
580,7.424,2.622,36315
581,7.430,2.624,37508
582,7.437,2.626,38828
583,7.443,2.627,40221
584,7.450,2.629,42073
585,7.456,2.631,43407
586,7.463,2.632,44582
587,7.469,2.634,45528
588,7.476,2.636,46545
589,7.482,2.637,46908
590,7.489,2.639,47026
591,7.495,2.641,46918
592,7.502,2.643,46730
593,7.509,2.644,46055
594,7.515,2.646,45095
595,7.522,2.648,43878
596,7.528,2.650,42404
597,7.535,2.651,40867
598,7.541,2.653,39322
599,7.548,2.655,37683
600,7.554,2.657,36269
601,7.561,2.659,34963
602,7.567,2.661,33784
603,7.574,2.662,32613
604,7.580,2.664,31748
605,7.587,2.666,31055
606,7.593,2.668,30427
607,7.600,2.670,30071
608,7.606,2.672,29838
609,7.613,2.674,29701
610,7.619,2.676,29641
611,7.626,2.678,29680
612,7.632,2.680,29791
613,7.639,2.682,30117
614,7.645,2.684,30465
615,7.652,2.686,30928
616,7.658,2.688,31925
617,7.665,2.690,32733
618,7.671,2.692,33653
619,7.678,2.694,35453
620,7.684,2.696,36682
621,7.691,2.698,38003
622,7.697,2.700,40479
623,7.704,2.702,42035
624,7.710,2.705,43630
625,7.717,2.707,45226
626,7.723,2.709,47884
627,7.730,2.711,49290
628,7.736,2.713,50550
629,7.743,2.715,52292
630,7.749,2.718,53039
631,7.756,2.720,53850
632,7.762,2.722,54119
633,7.769,2.724,54257
634,7.775,2.726,54195
635,7.782,2.729,53978
636,7.788,2.731,53557
637,7.795,2.733,52417
638,7.801,2.736,51292
639,7.808,2.738,49880
640,7.814,2.740,47370
641,7.821,2.743,45471
642,7.827,2.745,43512
643,7.834,2.747,40653
644,7.840,2.750,38780
645,7.847,2.752,37019
646,7.853,2.754,34693
647,7.860,2.757,33263
648,7.866,2.759,31479
649,7.873,2.762,30423
650,7.879,2.764,29535
651,7.886,2.767,28535
652,7.892,2.769,28041
653,7.899,2.772,27693
654,7.905,2.774,27362
655,7.912,2.777,27261
656,7.918,2.779,27192
657,7.925,2.782,27253
658,7.931,2.784,27404
659,7.938,2.787,27723
660,7.944,2.789,28165
661,7.951,2.792,28931
662,7.957,2.795,29777
663,7.964,2.797,30828
664,7.970,2.800,32378
665,7.977,2.803,33887
666,7.983,2.805,36002
667,7.990,2.808,37941
668,7.996,2.811,40029
669,8.003,2.813,42681
670,8.010,2.816,44840
671,8.016,2.819,47301
672,8.023,2.822,49099
673,8.029,2.824,50884
674,8.036,2.827,52049
675,8.042,2.830,52937
676,8.049,2.833,53631
677,8.055,2.836,54063
678,8.062,2.838,54363
679,8.068,2.841,54581
680,8.075,2.844,54698
681,8.081,2.847,54790
682,8.088,2.850,54827
683,8.094,2.853,54709
684,8.101,2.856,54599
685,8.107,2.859,54242
686,8.114,2.861,53880
687,8.120,2.864,53023
688,8.127,2.867,52147
689,8.133,2.870,50425
690,8.140,2.873,48883
691,8.146,2.876,46333
692,8.153,2.879,44343
693,8.159,2.882,41403
694,8.166,2.886,39331
695,8.172,2.889,37322
696,8.179,2.892,34653
697,8.185,2.895,32964
698,8.192,2.898,30864
699,8.198,2.901,29611
700,8.205,2.904,28154
701,8.211,2.907,27324
702,8.218,2.910,26432
703,8.224,2.914,25960
704,8.231,2.917,25516
705,8.237,2.920,25312
706,8.244,2.923,25182
707,8.250,2.927,25156
708,8.257,2.930,25254
709,8.263,2.933,25391
710,8.270,2.936,25799
711,8.276,2.940,26206
712,8.283,2.943,27123
713,8.289,2.946,27927
714,8.296,2.950,29467
715,8.302,2.953,30721
716,8.309,2.956,32916
717,8.315,2.960,34655
718,8.322,2.963,37517
719,8.328,2.967,39678
720,8.335,2.970,42953
721,8.341,2.974,46176
722,8.348,2.977,48226
723,8.354,2.981,50717
724,8.361,2.984,52037
725,8.367,2.988,53302
726,8.374,2.991,53816
727,8.380,2.995,54135
728,8.387,2.998,54197
729,8.393,3.002,54057
730,8.400,3.005,53879
731,8.406,3.009,53404
732,8.413,3.013,52802
733,8.419,3.016,52453
734,8.426,3.020,51938
735,8.432,3.024,51738
736,8.439,3.027,51482
737,8.445,3.031,51446
738,8.452,3.035,51406
739,8.458,3.038,51498
740,8.465,3.042,51657
741,8.471,3.046,51940
742,8.478,3.050,52223
743,8.484,3.054,52564
744,8.491,3.057,52805
745,8.497,3.061,52945
746,8.504,3.065,52868
747,8.511,3.069,52764
748,8.517,3.073,52083
749,8.524,3.077,51468
750,8.530,3.081,49711
751,8.537,3.085,47256
752,8.543,3.089,45627
753,8.550,3.093,42545
754,8.556,3.097,40774
755,8.563,3.101,37787
756,8.569,3.105,35089
757,8.576,3.109,33758
758,8.582,3.113,31665
759,8.589,3.117,29984
760,8.595,3.121,29286
761,8.602,3.125,28283
762,8.608,3.129,27962
763,8.615,3.133,27534
764,8.621,3.137,27357
765,8.628,3.142,27395
766,8.634,3.146,27490
767,8.641,3.150,27808
768,8.647,3.154,28177
769,8.654,3.159,29030
770,8.660,3.163,30329
771,8.667,3.167,31285
772,8.673,3.171,33279
773,8.680,3.176,35689
774,8.686,3.180,37209
775,8.693,3.185,40166
776,8.699,3.189,43375
777,8.706,3.193,45246
778,8.712,3.198,48491
779,8.719,3.202,51338
780,8.725,3.207,52648
781,8.732,3.211,54242
782,8.738,3.216,54954
783,8.745,3.220,55029
784,8.751,3.225,54540
785,8.758,3.229,53225
786,8.764,3.234,51071
787,8.771,3.238,49552
788,8.777,3.243,46548
789,8.784,3.248,43442
790,8.790,3.252,41761
791,8.797,3.257,38993
792,8.803,3.262,36620
793,8.810,3.266,34722
794,8.816,3.271,33914
795,8.823,3.276,32819
796,8.829,3.281,32184
797,8.836,3.285,32021
798,8.842,3.290,31879
799,8.849,3.295,31955
800,8.855,3.300,32282
801,8.862,3.305,32661
802,8.868,3.310,33600
803,8.875,3.315,35023
804,8.881,3.320,36932
805,8.888,3.325,38294
806,8.894,3.330,40832
807,8.901,3.335,43609
808,8.907,3.340,46474
809,8.914,3.345,49223
810,8.920,3.350,50763
811,8.927,3.355,52815
812,8.933,3.360,54171
813,8.940,3.365,54837
814,8.946,3.370,55001
815,8.953,3.375,54769
816,8.959,3.381,53971
817,8.966,3.386,52528
818,8.972,3.391,50472
819,8.979,3.396,48719
820,8.985,3.402,45979
821,8.992,3.407,43156
822,8.998,3.412,40388
823,9.005,3.418,37764
824,9.012,3.423,35359
825,9.018,3.428,33576
826,9.025,3.434,31672
827,9.031,3.439,30108
828,9.038,3.445,28886
829,9.044,3.450,27990
830,9.051,3.456,27388
831,9.057,3.461,26940
832,9.064,3.467,26738
833,9.070,3.473,26703
834,9.077,3.478,26816
835,9.083,3.484,27088
836,9.090,3.490,27550
837,9.096,3.495,28251
838,9.103,3.501,29262
839,9.109,3.507,30010
840,9.116,3.512,31697
841,9.122,3.518,33852
842,9.129,3.524,36466
843,9.135,3.530,39464
844,9.142,3.536,42690
845,9.148,3.542,45915
846,9.155,3.548,48864
847,9.161,3.554,51284
848,9.168,3.560,53034
849,9.174,3.566,54147
850,9.181,3.572,54704
851,9.187,3.578,55149
852,9.194,3.584,55388
853,9.200,3.590,55485
854,9.207,3.596,55467
855,9.213,3.602,55345
856,9.220,3.608,55111
857,9.226,3.615,54725
858,9.233,3.621,54096
859,9.239,3.627,53066
860,9.246,3.633,51471
861,9.252,3.640,49252
862,9.259,3.646,46502
863,9.265,3.653,43436
864,9.272,3.659,40295
865,9.278,3.665,37287
866,9.285,3.672,34570
867,9.282,3.670,35824
868,9.289,3.676,33299
869,9.295,3.683,31206
870,9.302,3.689,29576
871,9.308,3.696,28384
872,9.315,3.702,27573
873,9.321,3.709,27073
874,9.327,3.715,26808
875,9.334,3.722,26718
876,9.340,3.728,26770
877,9.346,3.735,26966
878,9.352,3.741,27352
879,9.359,3.748,28012
880,9.365,3.754,29033
881,9.371,3.761,30483
882,9.377,3.767,32402
883,9.383,3.774,34807
884,9.389,3.780,37657
885,9.395,3.787,39193
886,9.401,3.793,42460
887,9.407,3.800,45685
888,9.413,3.806,48582
889,9.419,3.813,50904
890,9.425,3.819,52536
891,9.431,3.826,53541
892,9.437,3.832,54115
893,9.442,3.839,54448
894,9.448,3.845,54650
895,9.454,3.852,54725
896,9.460,3.858,54818
897,9.465,3.865,54888
898,9.471,3.871,54964
899,9.477,3.878,55044
900,9.482,3.884,55114
901,9.488,3.891,55154
902,9.494,3.897,55136
903,9.499,3.904,55177
904,9.505,3.910,54988
905,9.510,3.917,54531
906,9.516,3.923,53629
907,9.521,3.930,52110
908,9.527,3.936,49922
909,9.532,3.943,49097
910,9.537,3.949,46254
911,9.543,3.956,43215
912,9.548,3.962,40229
913,9.553,3.969,37483
914,9.559,3.975,35075
915,9.564,3.982,34551
916,9.569,3.988,32628
917,9.574,3.995,31039
918,9.580,4.002,29760
919,9.585,4.008,28773
920,9.590,4.015,28727
921,9.595,4.021,28113
922,9.600,4.028,27745
923,9.605,4.034,27588
924,9.610,4.041,27605
925,9.616,4.047,27885
926,9.621,4.054,28130
927,9.626,4.060,28570
928,9.631,4.067,29247
929,9.636,4.073,29803
930,9.641,4.080,30883
931,9.645,4.086,32306
932,9.650,4.093,34122
933,9.655,4.099,35251
934,9.660,4.106,37686
935,9.665,4.112,40493
936,9.670,4.119,43514
937,9.675,4.125,45024
938,9.679,4.132,47852
939,9.684,4.138,50231
940,9.689,4.145,51966
941,9.694,4.151,52455
942,9.698,4.158,53223
943,9.703,4.164,53571
944,9.708,4.171,53511
945,9.712,4.177,53519
946,9.717,4.184,53381
947,9.722,4.190,53104
948,9.726,4.197,52798
949,9.731,4.203,52326
950,9.735,4.210,51699
951,9.740,4.216,51260
952,9.744,4.223,50314
953,9.749,4.229,48995
954,9.753,4.236,47240
955,9.758,4.242,46387
956,9.762,4.249,44139
957,9.767,4.255,41673
958,9.771,4.262,40753
959,9.775,4.268,38268
960,9.780,4.275,35897
961,9.784,4.281,35183
962,9.788,4.288,33139
963,9.793,4.294,31379
964,9.797,4.301,30939
965,9.801,4.307,29611
966,9.805,4.314,28629
967,9.810,4.320,28490
968,9.814,4.327,27986
969,9.818,4.333,28016
970,9.822,4.340,27884
971,9.826,4.346,27963
972,9.831,4.353,28216
973,9.835,4.359,28664
974,9.839,4.366,29501
975,9.843,4.372,30180
976,9.847,4.379,31786
977,9.851,4.385,33959
978,9.855,4.392,35267
979,9.859,4.398,38171
980,9.863,4.405,39754
981,9.867,4.411,43134
982,9.871,4.418,46619
983,9.875,4.424,48262
984,9.879,4.431,51372
985,9.883,4.437,52629
986,9.887,4.444,54684
987,9.891,4.450,55885
988,9.895,4.457,56125
989,9.898,4.463,56311
990,9.902,4.470,56101
991,9.906,4.476,55393
992,9.910,4.483,53926
993,9.914,4.489,52710
994,9.917,4.496,50051
995,9.921,4.503,48320
996,9.925,4.509,45079
997,9.929,4.516,43301
998,9.932,4.522,40279
999,9.936,4.529,37623
1000,9.940,4.535,36433
1001,9.943,4.542,34453
1002,9.947,4.548,33683
1003,9.951,4.555,32361
1004,9.954,4.561,31988
1005,9.958,4.568,31283
1006,9.961,4.574,31247
1007,9.965,4.581,31015
1008,9.968,4.587,31010
1009,9.972,4.594,31346
1010,9.975,4.600,31751
1011,9.979,4.607,32376
1012,9.982,4.613,33355
1013,9.986,4.620,34345
1014,9.989,4.626,35941
1015,9.993,4.633,37267
1016,9.996,4.639,39395
1017,10.000,4.646,40938
1018,10.003,4.652,43423
1019,10.006,4.659,44934
1020,10.010,4.665,47445
1021,10.013,4.672,48603
1022,10.016,4.678,50730
1023,10.020,4.685,51335
1024,10.023,4.691,52816
1025,10.026,4.698,52866
1026,10.030,4.704,53704
1027,10.033,4.711,53347
1028,10.036,4.717,53781
1029,10.039,4.724,53250
1030,10.042,4.730,53555
1031,10.046,4.737,53073
1032,10.049,4.743,53424
1033,10.052,4.750,53140
1034,10.055,4.756,53567
1035,10.058,4.763,53503
1036,10.061,4.769,53924
1037,10.064,4.776,54012
1038,10.068,4.782,54347
1039,10.071,4.789,54506
1040,10.074,4.795,54711
1041,10.077,4.802,54864
1042,10.080,4.808,54905
1043,10.083,4.815,54992
1044,10.086,4.821,54813
1045,10.089,4.828,54747
1046,10.092,4.834,54197
1047,10.095,4.841,53811
1048,10.098,4.847,53237
1049,10.101,4.854,51746
1050,10.104,4.860,50646
1051,10.106,4.867,48484
1052,10.109,4.873,46997
1053,10.112,4.880,44496
1054,10.115,4.886,42894
1055,10.118,4.893,40443
1056,10.121,4.899,39001
1057,10.124,4.906,37704
1058,10.126,4.912,35909
1059,10.129,4.919,35069
1060,10.132,4.925,33988
1061,10.135,4.932,33626
1062,10.138,4.938,33158
1063,10.140,4.945,33127
1064,10.143,4.951,33203
1065,10.146,4.958,33256
1066,10.148,4.964,33585
1067,10.151,4.971,34041
1068,10.154,4.977,34696
1069,10.156,4.984,35484
1070,10.159,4.990,36518
1071,10.162,4.997,37474
1072,10.164,5.004,38533
1073,10.167,5.010,39346
1074,10.170,5.017,40020
1075,10.172,5.023,40511
1076,10.175,5.030,40834
1077,10.177,5.036,40917
1078,10.180,5.043,40990
1079,10.182,5.049,40979
1080,10.185,5.056,40699
1081,10.187,5.062,40516
1082,10.190,5.069,40093
1083,10.192,5.075,39859
1084,10.195,5.082,39659
1085,10.197,5.088,39412
1086,10.200,5.095,39374
1087,10.202,5.101,39411
1088,10.204,5.108,39546
1089,10.207,5.114,39814
1090,10.209,5.121,40408
1091,10.212,5.127,41094
1092,10.214,5.134,41995
1093,10.216,5.140,43604
1094,10.219,5.147,44975
1095,10.221,5.153,46470
1096,10.223,5.160,48600
1097,10.226,5.166,50090
1098,10.228,5.173,51429
1099,10.230,5.179,52805
1100,10.232,5.186,53495
1101,10.235,5.192,53885
1102,10.237,5.199,53916
1103,10.239,5.205,53649
1104,10.241,5.212,52740
1105,10.243,5.218,51658
1106,10.246,5.225,50216
1107,10.248,5.231,47942
1108,10.250,5.238,46055
1109,10.252,5.244,44156
1110,10.254,5.251,42332
1111,10.256,5.257,40191
1112,10.258,5.264,38750
1113,10.261,5.270,37538
1114,10.263,5.277,36367
1115,10.265,5.283,35743
1116,10.267,5.290,35344
1117,10.269,5.296,35137
1118,10.271,5.303,35103
1119,10.273,5.309,35199
1120,10.275,5.316,35622
1121,10.277,5.322,36139
1122,10.279,5.329,36890
1123,10.281,5.335,38271
1124,10.283,5.342,39528
1125,10.285,5.348,40946
1126,10.287,5.355,42477
1127,10.289,5.361,44599
1128,10.291,5.368,46175
1129,10.292,5.374,47646
1130,10.294,5.381,49315
1131,10.296,5.387,50242
1132,10.298,5.394,50869
1133,10.300,5.400,51319
1134,10.302,5.407,51335
1135,10.304,5.413,51112
1136,10.305,5.420,50632
1137,10.307,5.426,49515
1138,10.309,5.433,48306
1139,10.311,5.439,46844
1140,10.313,5.446,45205
1141,10.314,5.452,42556
1142,10.316,5.459,40747
1143,10.318,5.465,39033
1144,10.319,5.472,36508
1145,10.321,5.478,35168
1146,10.323,5.485,34065
1147,10.325,5.491,33203
1148,10.326,5.498,31862
1149,10.328,5.505,31473
1150,10.330,5.511,31257
1151,10.331,5.518,31202
1152,10.333,5.524,30849
1153,10.334,5.531,31108
1154,10.336,5.537,31534
1155,10.338,5.544,32157
1156,10.339,5.550,32695
1157,10.341,5.557,33806
1158,10.342,5.563,35162
1159,10.344,5.570,36732
1160,10.345,5.576,38401
1161,10.347,5.583,40229
1162,10.348,5.589,42028
1163,10.350,5.596,43679
1164,10.351,5.602,45070
1165,10.353,5.609,46062
1166,10.354,5.615,46699
1167,10.356,5.622,46995
1168,10.357,5.628,46979
1169,10.359,5.635,46424
1170,10.360,5.641,45717
1171,10.362,5.648,44675
1172,10.363,5.654,43344
1173,10.364,5.661,41819
1174,10.366,5.667,39914
1175,10.367,5.674,38374
1176,10.368,5.680,36940
1177,10.370,5.687,35671
1178,10.371,5.693,34606
1179,10.372,5.700,33789
1180,10.374,5.706,33229
1181,10.375,5.713,32861
1182,10.376,5.719,32653
1183,10.378,5.726,32579
1184,10.379,5.732,32862
1185,10.380,5.739,33118
1186,10.381,5.745,33581
1187,10.383,5.752,34291
1188,10.384,5.758,35275
1189,10.385,5.765,37129
1190,10.386,5.771,38725
1191,10.387,5.778,40530
1192,10.389,5.784,42486
1193,10.390,5.791,44519
1194,10.391,5.797,46547
1195,10.392,5.804,49242
1196,10.393,5.810,50915
1197,10.394,5.817,52297
1198,10.395,5.823,53348
1199,10.396,5.830,54064
1200,10.398,5.836,54739
1201,10.399,5.843,54854
1202,10.400,5.849,54781
1203,10.401,5.856,54510
1204,10.402,5.862,53999
1205,10.403,5.869,53191
1206,10.404,5.875,52043
1207,10.405,5.882,50364
1208,10.406,5.888,48538
1209,10.407,5.895,46517
1210,10.408,5.901,44398
1211,10.409,5.908,42285
1212,10.410,5.914,40271
1213,10.411,5.921,38241
1214,10.412,5.927,36712
1215,10.412,5.934,35494
1216,10.413,5.940,34602
1217,10.414,5.947,34014
1218,10.415,5.953,33675
1219,10.416,5.960,33523
1220,10.417,5.966,33520
1221,10.418,5.973,33778
1222,10.419,5.979,34150
1223,10.419,5.986,34757
1224,10.420,5.992,35630
1225,10.421,5.999,36773
1226,10.422,6.006,38170
1227,10.423,6.012,39793
1228,10.423,6.019,41609
1229,10.424,6.025,44111
1230,10.425,6.032,46205
1231,10.426,6.038,48283
1232,10.426,6.045,50221
1233,10.427,6.051,51886
1234,10.428,6.058,53177
1235,10.429,6.064,54054
1236,10.429,6.071,54532
1237,10.430,6.077,54654
1238,10.431,6.084,54691
1239,10.431,6.090,54085
1240,10.432,6.097,53077
1241,10.433,6.103,51653
1242,10.433,6.110,49867
1243,10.434,6.116,47823
1244,10.434,6.123,45663
1245,10.435,6.129,43516
1246,10.436,6.136,41493
1247,10.436,6.142,39670
1248,10.437,6.149,38452
1249,10.437,6.155,37207
1250,10.438,6.162,36233
1251,10.438,6.168,35511
1252,10.439,6.175,35009
1253,10.439,6.181,34699
1254,10.440,6.188,34569
1255,10.440,6.194,34622
1256,10.441,6.201,34875
1257,10.441,6.207,35346
1258,10.442,6.214,36047
1259,10.442,6.220,36980
1260,10.443,6.227,38123
1261,10.443,6.233,40736
1262,10.443,6.240,42276
1263,10.444,6.246,43853
1264,10.444,6.253,45381
1265,10.445,6.259,46784
1266,10.445,6.266,48001
1267,10.445,6.272,48993
1268,10.446,6.279,49736
1269,10.446,6.285,50214
1270,10.446,6.292,50419
1271,10.447,6.298,50366
1272,10.447,6.305,50075
1273,10.447,6.311,49578
1274,10.447,6.318,48920
1275,10.448,6.324,48144
1276,10.448,6.331,47294
1277,10.448,6.337,46401
1278,10.449,6.344,45490
1279,10.449,6.350,44578
1280,10.449,6.357,43671
1281,10.449,6.363,42772
1282,10.449,6.370,41882
1283,10.450,6.376,41994
1284,10.450,6.383,41002
1285,10.450,6.389,40058
1286,10.450,6.396,39193
1287,10.450,6.402,38444
1288,10.450,6.409,37839
1289,10.450,6.415,37394
1290,10.451,6.422,37106
1291,10.451,6.428,36962
1292,10.451,6.435,36953
1293,10.451,6.441,37079
1294,10.451,6.448,37359
1295,10.451,6.454,37823
1296,10.451,6.461,38503
1297,10.451,6.467,39416
1298,10.451,6.474,40564
1299,10.451,6.480,41926
1300,10.451,6.487,43464
1301,10.451,6.493,45122
1302,10.451,6.500,46823
1303,10.451,6.507,48472
1304,10.451,6.513,49968
1305,10.451,6.520,51213
1306,10.451,6.526,52143
1307,10.451,6.533,52738
1308,10.451,6.539,53012
1309,10.451,6.546,52984
1310,10.451,6.552,52639
1311,10.450,6.559,51930
1312,10.450,6.565,50801
1313,10.450,6.572,49226
1314,10.450,6.578,47247
1315,10.450,6.585,44954
1316,10.450,6.591,42470
1317,10.450,6.598,39916
1318,10.449,6.604,37521
1319,10.449,6.611,35163
1320,10.449,6.617,33008
1321,10.449,6.624,31121
1322,10.449,6.630,29539
1323,10.448,6.637,28276
1324,10.448,6.643,27317
1325,10.448,6.650,26621
1326,10.447,6.656,26142
1327,10.447,6.663,25828
1328,10.447,6.669,25641
1329,10.447,6.676,25553
1330,10.446,6.682,25548
1331,10.446,6.689,25629
1332,10.446,6.695,25808
1333,10.445,6.702,26114
1334,10.445,6.708,26587
1335,10.445,6.715,27276
1336,10.444,6.721,28223
1337,10.444,6.728,29452
1338,10.443,6.734,30967
1339,10.443,6.741,32741
1340,10.443,6.747,34656
1341,10.442,6.754,36737
1342,10.442,6.760,38895
1343,10.441,6.767,41055
1344,10.441,6.773,43133
1345,10.440,6.780,45042
1346,10.440,6.786,46705
1347,10.439,6.793,48074
1348,10.439,6.799,49139
1349,10.438,6.806,49916
1350,10.438,6.812,50449
1351,10.437,6.819,50784
1352,10.437,6.825,50966
1353,10.436,6.832,50778
1354,10.436,6.838,50737
1355,10.435,6.845,50576
1356,10.434,6.851,50270
1357,10.434,6.858,49779
1358,10.433,6.864,49060
1359,10.433,6.871,48089
1360,10.432,6.877,46871
1361,10.431,6.884,45450
1362,10.431,6.890,43904
1363,10.430,6.897,42172
1364,10.429,6.903,40656
1365,10.429,6.910,39268
1366,10.428,6.916,38065
1367,10.427,6.923,37087
1368,10.426,6.929,36344
1369,10.426,6.936,35826
1370,10.425,6.942,35503
1371,10.424,6.949,35339
1372,10.423,6.955,35152
1373,10.423,6.962,35235
1374,10.422,6.968,35459
1375,10.421,6.975,35847
1376,10.420,6.981,36417
1377,10.419,6.988,37167
1378,10.419,6.994,38077
1379,10.418,7.001,39115
1380,10.417,7.008,39670
1381,10.416,7.014,40793
1382,10.415,7.021,41958
1383,10.414,7.027,43142
1384,10.413,7.034,44326
1385,10.412,7.040,45481
1386,10.412,7.047,46577
1387,10.411,7.053,47575
1388,10.410,7.060,47221
1389,10.409,7.066,47909
1390,10.408,7.073,48418
1391,10.407,7.079,48721
1392,10.406,7.086,48802
1393,10.405,7.092,48667
1394,10.404,7.099,47402
1395,10.403,7.105,46971
1396,10.402,7.112,46380
1397,10.401,7.118,45631
1398,10.400,7.125,44736
1399,10.399,7.131,43724
1400,10.398,7.138,42643
1401,10.396,7.144,41382
1402,10.395,7.151,40420
1403,10.394,7.157,39552
1404,10.393,7.164,38817
1405,10.392,7.170,38236
1406,10.391,7.177,38029
1407,10.390,7.183,37782
1408,10.389,7.190,37667
1409,10.387,7.196,37684
1410,10.386,7.203,37845
1411,10.385,7.209,38171
1412,10.384,7.216,39119
1413,10.383,7.222,39881
1414,10.381,7.229,40853
1415,10.380,7.235,42013
1416,10.379,7.242,43326
1417,10.378,7.248,45289
1418,10.376,7.255,46710
1419,10.375,7.261,48080
1420,10.374,7.268,49331
1421,10.372,7.274,50407
1422,10.371,7.281,51632
1423,10.370,7.287,52230
1424,10.368,7.294,52635
1425,10.367,7.300,52881
1426,10.366,7.307,53000
1427,10.364,7.313,53195
1428,10.363,7.320,53113
1429,10.362,7.326,52957
1430,10.360,7.333,52731
1431,10.359,7.339,52436
1432,10.357,7.346,52101
1433,10.356,7.352,51645
1434,10.354,7.359,51142
1435,10.353,7.365,50615
1436,10.351,7.372,49916
1437,10.350,7.378,49411
1438,10.348,7.385,48976
1439,10.347,7.391,48630
1440,10.345,7.398,48387
1441,10.344,7.404,47974
1442,10.342,7.411,47963
1443,10.341,7.417,48051
1444,10.339,7.424,48231
1445,10.338,7.430,48271
1446,10.336,7.437,48683
1447,10.334,7.443,49183
1448,10.333,7.450,49750
1449,10.331,7.456,50276
1450,10.330,7.463,50945
1451,10.328,7.469,51573
1452,10.326,7.476,52118
1453,10.325,7.482,52643
1454,10.323,7.489,52974
1455,10.321,7.495,53170
1456,10.319,7.502,53247
1457,10.318,7.509,53302
1458,10.316,7.515,53119
1459,10.314,7.522,52767
1460,10.313,7.528,52167
1461,10.311,7.535,51312
1462,10.309,7.541,50225
1463,10.307,7.548,48950
1464,10.305,7.554,47298
1465,10.304,7.561,45813
1466,10.302,7.567,44335
1467,10.300,7.574,42930
1468,10.298,7.580,41495
1469,10.296,7.587,40461
1470,10.294,7.593,39663
1471,10.292,7.600,39081
1472,10.291,7.606,38785
1473,10.289,7.613,38673
1474,10.287,7.619,38798
1475,10.285,7.626,39049
1476,10.283,7.632,39508
1477,10.281,7.639,40203
1478,10.279,7.645,41410
1479,10.277,7.652,42598
1480,10.275,7.658,43929
1481,10.273,7.665,45683
1482,10.271,7.671,47016
1483,10.269,7.678,48185
1484,10.267,7.684,49325
1485,10.265,7.691,49881
1486,10.263,7.697,50167
1487,10.261,7.704,50183
1488,10.258,7.710,49914
1489,10.256,7.717,49377
1490,10.254,7.723,48254
1491,10.252,7.730,47087
1492,10.250,7.736,45744
1493,10.248,7.743,44323
1494,10.246,7.749,42514
1495,10.243,7.756,41255
1496,10.241,7.762,40186
1497,10.239,7.769,39131
1498,10.237,7.775,38591
1499,10.235,7.782,38189
1500,10.232,7.788,38066
1501,10.230,7.795,38079
1502,10.228,7.801,38305
1503,10.226,7.808,38681
1504,10.223,7.814,39273
1505,10.221,7.821,40409
1506,10.219,7.827,41528
1507,10.216,7.834,42830
1508,10.214,7.840,44703
1509,10.212,7.847,46182
1510,10.209,7.853,47624
1511,10.207,7.860,49260
1512,10.204,7.866,50316
1513,10.202,7.873,51259
1514,10.200,7.879,51755
1515,10.197,7.886,52047
1516,10.195,7.892,52116
1517,10.192,7.899,52055
1518,10.190,7.905,51835
1519,10.187,7.912,51124
1520,10.185,7.918,50360
1521,10.182,7.925,48795
1522,10.180,7.931,47444
1523,10.177,7.938,45928
1524,10.175,7.944,43628
1525,10.172,7.951,42018
1526,10.170,7.957,39909
1527,10.167,7.964,38563
1528,10.164,7.970,37384
1529,10.162,7.977,36173
1530,10.159,7.983,35509
1531,10.156,7.990,35023
1532,10.154,7.996,34811
1533,10.151,8.003,34739
1534,10.148,8.010,34954
1535,10.146,8.016,35240
1536,10.143,8.023,36079
1537,10.140,8.029,36910
1538,10.138,8.036,37989
1539,10.135,8.042,39931
1540,10.132,8.049,41448
1541,10.129,8.055,43787
1542,10.126,8.062,45399
1543,10.124,8.068,47598
1544,10.121,8.075,48908
1545,10.118,8.081,49997
1546,10.115,8.088,51173
1547,10.112,8.094,51660
1548,10.109,8.101,52080
1549,10.106,8.107,52140
1550,10.104,8.114,52076
1551,10.101,8.120,51808
1552,10.098,8.127,51149
1553,10.095,8.133,50367
1554,10.092,8.140,49352
1555,10.089,8.146,47542
1556,10.086,8.153,46086
1557,10.083,8.159,43866
1558,10.080,8.166,42313
1559,10.077,8.172,40198
1560,10.074,8.179,38865
1561,10.071,8.185,37299
1562,10.068,8.192,36457
1563,10.064,8.198,35712
1564,10.061,8.205,35398
1565,10.058,8.211,35308
1566,10.055,8.218,35365
1567,10.052,8.224,35823
1568,10.049,8.231,36321
1569,10.046,8.237,37527
1570,10.042,8.244,38568
1571,10.039,8.250,40495
1572,10.036,8.257,41943
1573,10.033,8.263,44288
1574,10.030,8.270,45868
1575,10.026,8.276,48137
1576,10.023,8.283,49463
1577,10.020,8.289,51103
1578,10.016,8.296,51880
1579,10.013,8.302,52692
1580,10.010,8.309,52955
1581,10.006,8.315,53170
1582,10.003,8.322,53119
1583,10.000,8.328,52905
1584,9.996,8.335,52520
1585,9.993,8.341,51613
1586,9.989,8.348,50666
1587,9.986,8.354,48805
1588,9.982,8.361,47297
1589,9.979,8.367,44808
1590,9.975,8.374,43088
1591,9.972,8.380,40611
1592,9.968,8.387,39083
1593,9.965,8.393,37165
1594,9.961,8.400,35759
1595,9.958,8.406,35078
1596,9.954,8.413,34504
1597,9.951,8.419,34291
1598,9.947,8.426,34246
1599,9.943,8.432,34320
1600,9.940,8.439,34739
1601,9.936,8.445,35205
1602,9.932,8.452,36357
1603,9.929,8.458,38014
1604,9.925,8.465,39306
1605,9.921,8.471,41605
1606,9.917,8.478,43167
1607,9.914,8.484,45596
1608,9.910,8.491,47047
1609,9.906,8.497,49024
1610,9.902,8.504,50570
1611,9.898,8.511,51345
1612,9.895,8.517,52213
1613,9.891,8.524,52621
1614,9.887,8.530,53000
1615,9.883,8.537,53178
1616,9.879,8.543,53259
1617,9.875,8.550,53201
1618,9.871,8.556,53131
1619,9.867,8.563,52780
1620,9.863,8.569,52137
1621,9.859,8.576,51569
1622,9.855,8.582,50247
1623,9.851,8.589,49200
1624,9.847,8.595,47227
1625,9.843,8.602,45067
1626,9.839,8.608,43651
1627,9.835,8.615,41624
1628,9.831,8.621,39942
1629,9.826,8.628,38982
1630,9.822,8.634,38047
1631,9.818,8.641,37558
1632,9.814,8.647,37246
1633,9.810,8.654,37270
1634,9.805,8.660,37232
1635,9.801,8.667,37741
1636,9.797,8.673,38658
1637,9.793,8.680,39209
1638,9.788,8.686,40816
1639,9.784,8.693,42747
1640,9.780,8.699,43809
1641,9.775,8.706,45893
1642,9.771,8.712,47748
1643,9.767,8.719,48714
1644,9.762,8.725,49961
1645,9.758,8.732,50739
1646,9.753,8.738,51308
1647,9.749,8.745,51618
1648,9.744,8.751,51703
1649,9.740,8.758,51622
1650,9.735,8.764,51978
1651,9.731,8.771,51818
1652,9.726,8.777,51712
1653,9.722,8.784,52183
1654,9.717,8.790,52307
1655,9.712,8.797,52605
1656,9.708,8.803,53064
1657,9.703,8.810,53677
1658,9.698,8.816,54183
1659,9.694,8.823,54617
1660,9.689,8.829,54871
1661,9.684,8.836,54988
1662,9.679,8.842,54903
1663,9.675,8.849,54537
1664,9.670,8.855,54072
1665,9.665,8.862,52921
1666,9.660,8.868,51185
1667,9.655,8.875,48931
1668,9.650,8.881,47271
1669,9.645,8.888,44564
1670,9.641,8.894,41868
1671,9.636,8.901,39390
1672,9.631,8.907,37913
1673,9.626,8.914,36127
1674,9.621,8.920,34921
1675,9.616,8.927,34266
1676,9.610,8.933,33898
1677,9.605,8.940,33877
1678,9.600,8.946,34197
1679,9.595,8.953,34936
1680,9.590,8.959,36185
1681,9.585,8.966,36985
1682,9.580,8.972,39000
1683,9.574,8.979,41294
1684,9.569,8.985,43683
1685,9.564,8.992,45996
1686,9.559,8.998,47177
1687,9.553,9.005,49096
1688,9.548,9.012,50619
1689,9.543,9.018,51721
1690,9.537,9.025,52443
1691,9.532,9.031,52852
1692,9.527,9.038,53062
1693,9.521,9.044,53118
1694,9.516,9.051,52996
1695,9.510,9.057,52679
1696,9.505,9.064,52071
1697,9.499,9.070,51023
1698,9.494,9.077,50295
1699,9.488,9.083,48436
1700,9.482,9.090,46225
1701,9.477,9.096,43904
1702,9.471,9.103,41708
1703,9.465,9.109,39817
1704,9.460,9.116,38340
1705,9.454,9.122,37313
1706,9.448,9.129,36930
1707,9.442,9.135,36518
1708,9.437,9.142,36357
1709,9.431,9.148,36362
1710,9.425,9.155,36509
1711,9.419,9.161,36814
1712,9.413,9.168,37268
1713,9.407,9.174,37809
1714,9.401,9.181,38343
1715,9.395,9.187,38793
1716,9.389,9.194,39579
1717,9.383,9.200,39890
1718,9.377,9.207,40003
1719,9.371,9.213,39931
1720,9.365,9.220,39762
1721,9.359,9.226,39637
1722,9.352,9.233,39699
1723,9.346,9.239,40044
1724,9.340,9.246,40722
1725,9.334,9.252,41765
1726,9.327,9.259,43151
1727,9.321,9.265,44751
1728,9.315,9.272,46342
1729,9.308,9.278,47680
1730,9.302,9.285,48584
1731,9.295,9.291,48984
1732,9.289,9.298,48902
1733,9.282,9.304,48361
1734,9.285,9.302,48902
1735,9.278,9.308,48361
1736,9.272,9.315,47337
1737,9.265,9.321,45820
1738,9.259,9.328,43901
1739,9.252,9.334,41795
1740,9.246,9.340,39782
1741,9.239,9.347,38120
1742,9.233,9.353,36961
1743,9.226,9.359,36300
1744,9.220,9.366,36026
1745,9.213,9.372,36051
1746,9.207,9.378,36384
1747,9.200,9.384,37101
1748,9.194,9.390,38258
1749,9.187,9.396,39820
1750,9.181,9.402,41674
1751,9.174,9.408,42784
1752,9.168,9.414,44716
1753,9.161,9.420,46427
1754,9.155,9.426,47716
1755,9.148,9.432,48510
1756,9.142,9.438,48897
1757,9.135,9.444,49025
1758,9.129,9.450,48987
1759,9.122,9.456,48826
1760,9.116,9.462,48583
1761,9.109,9.467,48312
1762,9.103,9.473,48183
1763,9.096,9.479,47995
1764,9.090,9.484,47909
1765,9.083,9.490,47944
1766,9.077,9.496,48106
1767,9.070,9.501,48400
1768,9.064,9.507,48815
1769,9.057,9.513,49286
1770,9.051,9.518,49563
1771,9.044,9.524,49915
1772,9.038,9.529,50096
1773,9.031,9.535,50077
1774,9.025,9.540,49790
1775,9.018,9.546,49078
1776,9.012,9.551,48407
1777,9.005,9.556,46725
1778,8.998,9.562,44505
1779,8.992,9.567,41986
1780,8.985,9.572,39431
1781,8.979,9.578,37048
1782,8.972,9.583,35789
1783,8.966,9.588,34022
1784,8.959,9.593,32770
1785,8.953,9.599,32025
1786,8.946,9.604,31673
1787,8.940,9.609,31617
1788,8.933,9.614,31662
1789,8.927,9.619,31959
1790,8.920,9.624,32624
1791,8.914,9.629,33242
1792,8.907,9.634,34675
1793,8.901,9.639,36576
1794,8.894,9.644,38826
1795,8.888,9.649,41271
1796,8.881,9.654,42747
1797,8.875,9.659,45142
1798,8.868,9.664,47280
1799,8.862,9.669,49033
1800,8.855,9.674,49854
1801,8.849,9.679,50908
1802,8.842,9.684,51605
1803,8.836,9.688,52055
1804,8.829,9.693,52223
1805,8.823,9.698,52432
1806,8.816,9.703,52524
1807,8.810,9.708,52498
1808,8.803,9.712,52394
1809,8.797,9.717,52137
1810,8.790,9.722,51658
1811,8.784,9.726,51209
1812,8.777,9.731,50108
1813,8.771,9.736,48470
1814,8.764,9.740,47246
1815,8.758,9.745,44851
1816,8.751,9.749,42215
1817,8.745,9.754,39563
1818,8.738,9.758,38041
1819,8.732,9.763,35769
1820,8.725,9.767,33901
1821,8.719,9.772,33006
1822,8.712,9.776,31899
1823,8.706,9.781,31233
1824,8.699,9.785,31054
1825,8.693,9.789,30895
1826,8.686,9.794,30960
1827,8.680,9.798,31192
1828,8.673,9.802,31736
1829,8.667,9.807,32708
1830,8.660,9.811,33637
1831,8.654,9.815,35356
1832,8.647,9.820,37443
1833,8.641,9.824,38974
1834,8.634,9.828,41396
1835,8.628,9.832,43821
1836,8.621,9.836,45353
1837,8.615,9.841,47417
1838,8.608,9.845,49104
1839,8.602,9.849,50001
1840,8.595,9.853,51016
1841,8.589,9.857,51517
1842,8.582,9.861,52049
1843,8.576,9.865,52409
1844,8.569,9.869,52575
1845,8.563,9.873,52741
1846,8.556,9.877,52808
1847,8.550,9.881,52783
1848,8.543,9.885,52656
1849,8.537,9.889,52501
1850,8.530,9.893,52118
1851,8.524,9.897,51482
1852,8.517,9.901,50902
1853,8.511,9.905,49563
1854,8.504,9.909,48464
1855,8.497,9.913,46271
1856,8.491,9.917,43726
1857,8.484,9.920,42110
1858,8.478,9.924,39503
1859,8.471,9.928,38043
1860,8.465,9.932,35850
1861,8.458,9.935,34029
1862,8.452,9.939,33153
1863,8.445,9.943,31988
1864,8.439,9.947,31503
1865,8.432,9.950,30957
1866,8.426,9.954,30800
1867,8.419,9.958,30706
1868,8.413,9.961,30797
1869,8.406,9.965,31133
1870,8.400,9.969,31876
1871,8.393,9.972,32632
1872,8.387,9.976,34275
1873,8.380,9.979,35602
1874,8.374,9.983,38073
1875,8.367,9.986,39772
1876,8.361,9.990,42608
1877,8.354,9.993,44348
1878,8.348,9.997,47003
1879,8.341,10.000,48490
1880,8.335,10.004,50542
1881,8.328,10.007,52108
1882,8.322,10.011,52830
1883,8.315,10.014,53661
1884,8.309,10.018,53998
1885,8.302,10.021,54354
1886,8.296,10.024,54475
1887,8.289,10.028,54540
1888,8.283,10.031,54511
1889,8.276,10.034,54307
1890,8.270,10.038,54120
1891,8.263,10.041,53553
1892,8.257,10.044,53143
1893,8.250,10.047,52000
1894,8.244,10.051,51248
1895,8.237,10.054,49352
1896,8.231,10.057,48238
1897,8.224,10.060,45750
1898,8.218,10.063,44441
1899,8.211,10.067,41785
1900,8.205,10.070,40526
1901,8.198,10.073,38139
1902,8.192,10.076,37150
1903,8.185,10.079,35348
1904,8.179,10.082,34773
1905,8.172,10.085,33700
1906,8.166,10.088,33547
1907,8.159,10.091,33526
1908,8.153,10.095,33266
1909,8.146,10.098,33525
1910,8.140,10.101,33699
1911,8.133,10.104,34249
1912,8.127,10.107,34963
1913,8.120,10.110,35919
1914,8.114,10.112,37300
1915,8.107,10.115,38714
1916,8.101,10.118,40709
1917,8.094,10.121,42515
1918,8.088,10.124,44908
1919,8.081,10.127,46905
1920,8.075,10.130,48883
1921,8.068,10.133,51105
1922,8.062,10.136,52653
1923,8.055,10.138,54050
1924,8.049,10.141,54801
1925,8.042,10.144,55248
1926,8.036,10.147,55289
1927,8.029,10.150,55033
1928,8.023,10.152,54324
1929,8.016,10.155,53283
1930,8.010,10.158,51652
1931,8.003,10.161,49843
1932,7.996,10.163,47632
1933,7.990,10.166,45510
1934,7.983,10.169,43404
1935,7.977,10.171,41362
1936,7.970,10.174,39572
1937,7.964,10.177,38057
1938,7.957,10.179,36764
1939,7.951,10.182,35737
1940,7.944,10.184,35153
1941,7.938,10.187,34650
1942,7.931,10.190,34597
1943,7.925,10.192,34478
1944,7.918,10.195,34521
1945,7.912,10.197,35108
1946,7.905,10.200,35573
1947,7.899,10.202,36806
1948,7.892,10.205,37820
1949,7.886,10.207,39064
1950,7.879,10.210,41147
1951,7.873,10.212,42641
1952,7.866,10.215,44097
1953,7.860,10.217,45895
1954,7.853,10.219,46858
1955,7.847,10.222,47761
1956,7.840,10.224,48068
1957,7.834,10.227,48150
1958,7.827,10.229,47993
1959,7.821,10.231,47567
1960,7.814,10.234,46875
1961,7.808,10.236,45625
1962,7.801,10.238,44366
1963,7.795,10.241,42976
1964,7.788,10.243,41191
1965,7.782,10.245,39867
1966,7.775,10.247,38700
1967,7.769,10.250,37594
1968,7.762,10.252,36923
1969,7.756,10.254,36451
1970,7.749,10.256,36255
1971,7.743,10.259,36140
1972,7.736,10.261,36355
1973,7.730,10.263,36550
1974,7.723,10.265,36918
1975,7.717,10.267,37872
1976,7.710,10.269,38725
1977,7.704,10.272,39790
1978,7.697,10.274,41044
1979,7.691,10.276,42987
1980,7.684,10.278,44481
1981,7.678,10.280,45996
1982,7.671,10.282,47923
1983,7.665,10.284,49222
1984,7.658,10.286,50343
1985,7.652,10.288,51447
1986,7.645,10.290,52045
1987,7.639,10.292,52451
1988,7.632,10.294,52700
1989,7.626,10.296,52826
1990,7.619,10.298,52899
1991,7.613,10.300,52825
1992,7.606,10.302,52814
1993,7.600,10.304,52792
1994,7.593,10.306,52771
1995,7.587,10.308,52563
1996,7.580,10.310,52584
1997,7.574,10.312,52656
1998,7.567,10.313,52564
1999,7.561,10.315,52779
2000,7.554,10.317,53084
2001,7.548,10.319,53479
2002,7.541,10.321,53745
2003,7.535,10.323,54292
2004,7.528,10.324,54861
2005,7.522,10.326,55243
2006,7.515,10.328,55742
2007,7.509,10.330,56132
2008,7.502,10.331,56390
2009,7.495,10.333,56444
2010,7.489,10.335,56458
2011,7.482,10.337,56321
2012,7.476,10.338,55991
2013,7.469,10.340,55525
2014,7.463,10.342,54747
2015,7.456,10.343,53701
2016,7.450,10.345,52429
2017,7.443,10.347,51540
2018,7.437,10.348,50145
2019,7.430,10.350,48771
2020,7.424,10.352,47494
2021,7.417,10.353,47087
2022,7.411,10.355,46143
2023,7.404,10.356,45389
2024,7.398,10.358,44819
2025,7.391,10.359,45189
2026,7.385,10.361,44923
2027,7.378,10.362,44799
2028,7.372,10.364,44813
2029,7.365,10.366,45866
2030,7.359,10.367,46142
2031,7.352,10.368,46509
2032,7.346,10.370,46945
2033,7.339,10.371,48525
2034,7.333,10.373,49044
2035,7.326,10.374,49563
2036,7.320,10.376,50065
2037,7.313,10.377,50537
2038,7.307,10.379,52203
2039,7.300,10.380,52601
2040,7.294,10.381,52962
2041,7.287,10.383,53304
2042,7.281,10.384,53648
2043,7.274,10.385,55125
2044,7.268,10.387,55500
2045,7.261,10.388,55926
2046,7.255,10.389,56405
2047,7.248,10.391,56939
2048,7.242,10.392,58074
2049,7.235,10.393,58565
2050,7.229,10.395,59042
2051,7.222,10.396,59471
2052,7.216,10.397,59824
2053,7.209,10.398,60078
2054,7.203,10.399,60216
2055,7.196,10.401,60279
2056,7.190,10.402,60272
2057,7.183,10.403,60186
2058,7.177,10.404,59906
2059,7.170,10.405,59640
2060,7.164,10.407,59253
2061,7.157,10.408,58729
2062,7.151,10.409,58060
2063,7.144,10.410,57259
2064,7.138,10.411,56730
2065,7.131,10.412,55911
2066,7.125,10.413,55084
2067,7.118,10.414,54294
2068,7.112,10.415,53578
2069,7.105,10.416,52965
2070,7.099,10.418,53466
2071,7.092,10.419,53159
2072,7.086,10.420,52974
2073,7.079,10.421,52906
2074,7.073,10.422,52935
2075,7.066,10.423,53025
2076,7.060,10.424,54221
2077,7.053,10.425,54275
2078,7.047,10.425,54243
2079,7.040,10.426,54090
2080,7.034,10.427,53788
2081,7.027,10.428,53320
2082,7.021,10.429,52670
2083,7.014,10.430,52833
2084,7.008,10.431,51837
2085,7.001,10.432,50687
2086,6.994,10.433,49439
2087,6.988,10.434,48159
2088,6.981,10.434,46918
2089,6.975,10.435,45778
2090,6.968,10.436,44785
2091,6.962,10.437,45103
2092,6.955,10.438,44459
2093,6.949,10.439,44005
2094,6.942,10.439,43754
2095,6.936,10.440,43714
2096,6.929,10.441,43887
2097,6.923,10.442,44266
2098,6.916,10.442,44836
2099,6.910,10.443,46832
2100,6.903,10.444,47681
2101,6.897,10.444,48626
2102,6.890,10.445,49622
2103,6.884,10.446,50618
2104,6.877,10.447,51563
2105,6.871,10.447,52417
2106,6.864,10.448,53152
2107,6.858,10.448,53759
2108,6.851,10.449,54245
2109,6.845,10.450,54872
2110,6.838,10.450,55113
2111,6.832,10.451,55291
2112,6.825,10.452,55411
2113,6.819,10.452,55479
2114,6.812,10.453,55496
2115,6.806,10.453,55465
2116,6.799,10.454,55380
2117,6.793,10.454,55229
2118,6.786,10.455,54990
2119,6.780,10.455,54631
2120,6.773,10.456,54116
2121,6.767,10.456,53424
2122,6.760,10.457,52412
2123,6.754,10.457,51130
2124,6.747,10.458,49591
2125,6.741,10.458,47832
2126,6.734,10.459,45907
2127,6.728,10.459,43884
2128,6.721,10.459,41836
2129,6.715,10.460,39827
2130,6.708,10.460,37916
2131,6.702,10.461,36146
2132,6.695,10.461,34545
2133,6.689,10.461,33126
2134,6.682,10.462,31894
2135,6.676,10.462,30844
2136,6.669,10.462,29967
2137,6.663,10.463,28855
2138,6.656,10.463,28333
2139,6.650,10.463,27923
2140,6.643,10.464,27598
2141,6.637,10.464,27341
2142,6.630,10.464,27138
2143,6.624,10.464,26982
2144,6.617,10.465,26866
2145,6.611,10.465,26785
2146,6.604,10.465,26737
2147,6.598,10.465,26718
2148,6.591,10.466,26727
2149,6.585,10.466,26760
2150,6.578,10.466,26817
2151,6.572,10.466,26897
2152,6.565,10.466,27007
2153,6.559,10.466,27154
2154,6.552,10.467,27350
2155,6.546,10.467,27607
2156,6.539,10.467,27934
2157,6.533,10.467,28344
2158,6.526,10.467,28851
2159,6.520,10.467,29471
2160,6.513,10.467,30218
2161,6.507,10.467,31101
2162,6.500,10.467,32113
2163,6.493,10.467,33229
2164,6.487,10.467,34408
2165,6.480,10.467,35590
2166,6.474,10.467,36709
2167,6.467,10.467,37702
2168,6.461,10.467,38520
2169,6.454,10.467,39136
2170,6.448,10.467,39551
2171,6.441,10.467,39784
2172,6.435,10.467,39868
2173,6.428,10.467,39837
2174,6.422,10.467,39721
2175,6.415,10.467,39554
2176,6.409,10.467,39372
2177,6.402,10.467,39212
2178,6.396,10.467,39101
2179,6.389,10.467,39051
2180,6.383,10.466,39070
2181,6.376,10.466,39170
2182,6.370,10.466,39374
2183,6.363,10.466,39729
2184,6.357,10.466,40276
2185,6.350,10.466,41048
2186,6.344,10.465,42048
2187,6.337,10.465,43255
2188,6.331,10.465,44634
2189,6.324,10.465,46145
2190,6.318,10.464,47733
2191,6.311,10.464,49323
2192,6.305,10.464,50821
2193,6.298,10.464,52122
2194,6.292,10.463,53144
2195,6.285,10.463,53845
2196,6.279,10.463,54223
2197,6.272,10.462,53871
2198,6.266,10.462,53504
2199,6.259,10.462,52741
2200,6.253,10.461,51552
2201,6.246,10.461,49970
2202,6.240,10.461,48096
2203,6.233,10.460,46063
2204,6.227,10.460,44004
2205,6.220,10.459,42017
2206,6.214,10.459,40171
2207,6.207,10.459,38505
2208,6.201,10.458,37039
2209,6.194,10.458,35777
2210,6.188,10.457,34717
2211,6.181,10.457,33851
2212,6.175,10.456,33164
2213,6.168,10.456,32252
2214,6.162,10.455,31885
2215,6.155,10.455,31626
2216,6.149,10.454,31451
2217,6.142,10.454,31340
2218,6.136,10.453,31281
2219,6.129,10.453,31264
2220,6.123,10.452,31277
2221,6.116,10.452,31315
2222,6.110,10.451,31369
2223,6.103,10.450,31436
2224,6.097,10.450,31510
2225,6.090,10.449,31431
2226,6.084,10.448,31540
2227,6.077,10.448,31666
2228,6.071,10.447,31813
2229,6.064,10.447,31992
2230,6.058,10.446,32211
2231,6.051,10.445,32483
2232,6.045,10.444,32821
2233,6.038,10.444,33245
2234,6.032,10.443,33773
2235,6.025,10.442,34407
2236,6.019,10.442,35234
2237,6.012,10.441,36231
2238,6.006,10.440,37413
2239,5.999,10.439,38784
2240,5.992,10.439,40339
2241,5.986,10.438,42046
2242,5.979,10.437,43858
2243,5.973,10.436,45978
2244,5.966,10.435,47806
2245,5.960,10.434,49514
2246,5.953,10.434,51032
2247,5.947,10.433,52306
2248,5.940,10.432,53305
2249,5.934,10.431,54030
2250,5.927,10.430,54512
2251,5.921,10.429,54916
2252,5.914,10.428,55052
2253,5.908,10.427,55090
2254,5.901,10.426,55045
2255,5.895,10.425,54926
2256,5.888,10.425,54732
2257,5.882,10.424,54468
2258,5.875,10.423,54276
2259,5.869,10.422,53927
2260,5.862,10.421,53552
2261,5.856,10.420,53162
2262,5.849,10.419,52757
2263,5.843,10.418,52344
2264,5.836,10.416,52201
2265,5.830,10.415,51802
2266,5.823,10.414,51407
2267,5.817,10.413,51017
2268,5.810,10.412,50635
2269,5.804,10.411,50260
2270,5.797,10.410,50419
2271,5.791,10.409,50101
2272,5.784,10.408,49791
2273,5.778,10.407,49492
2274,5.771,10.405,49207
2275,5.765,10.404,48942
2276,5.758,10.403,49445
2277,5.752,10.402,49284
2278,5.745,10.401,49172
2279,5.739,10.399,49116
2280,5.732,10.398,49124
2281,5.726,10.397,49912
2282,5.719,10.396,50050
2283,5.713,10.395,50253
2284,5.706,10.393,50521
2285,5.700,10.392,50846
2286,5.693,10.391,51712
2287,5.687,10.389,52092
2288,5.680,10.388,52502
2289,5.674,10.387,52930
2290,5.667,10.385,53356
2291,5.661,10.384,54063
2292,5.654,10.383,54426
2293,5.648,10.381,54737
2294,5.641,10.380,54978
2295,5.635,10.379,55137
2296,5.628,10.377,55454
2297,5.622,10.376,55413
2298,5.615,10.374,55252
2299,5.609,10.373,54934
2300,5.602,10.371,54406
2301,5.596,10.370,53726
2302,5.589,10.368,52530
2303,5.583,10.367,50973
2304,5.576,10.366,49101
2305,5.570,10.364,46761
2306,5.563,10.362,44458
2307,5.557,10.361,42136
2308,5.550,10.359,39884
2309,5.544,10.358,37311
2310,5.537,10.356,35344
2311,5.531,10.355,33581
2312,5.524,10.353,32034
2313,5.518,10.352,30395
2314,5.511,10.350,29342
2315,5.505,10.348,28520
2316,5.498,10.347,27917
2317,5.491,10.345,27339
2318,5.485,10.343,27103
2319,5.478,10.342,26989
2320,5.472,10.340,26975
2321,5.465,10.338,26939
2322,5.459,10.337,27125
2323,5.452,10.335,27454
2324,5.446,10.333,27973
2325,5.439,10.331,28640
2326,5.433,10.330,29668
2327,5.426,10.328,30985
2328,5.420,10.326,32593
2329,5.413,10.324,34518
2330,5.407,10.323,36677
2331,5.400,10.321,39036
2332,5.394,10.319,41776
2333,5.387,10.317,44368
2334,5.381,10.315,46928
2335,5.374,10.313,49356
2336,5.368,10.312,51970
2337,5.361,10.310,53831
2338,5.355,10.308,55296
2339,5.348,10.306,56791
2340,5.342,10.304,57468
2341,5.335,10.302,57863
2342,5.329,10.300,58047
2343,5.322,10.298,58368
2344,5.316,10.296,58247
2345,5.309,10.294,58026
2346,5.303,10.292,57831
2347,5.296,10.290,57402
2348,5.290,10.288,56921
2349,5.283,10.286,56170
2350,5.277,10.284,55585
2351,5.270,10.282,55035
2352,5.264,10.280,53785
2353,5.257,10.278,53318
2354,5.251,10.276,52978
2355,5.244,10.274,51594
2356,5.238,10.272,51582
2357,5.231,10.269,51748
2358,5.225,10.267,52073
2359,5.218,10.265,51419
2360,5.212,10.263,52124
2361,5.205,10.261,52908
2362,5.199,10.259,52932
2363,5.192,10.256,53945
2364,5.186,10.254,54345
2365,5.179,10.252,55386
2366,5.173,10.250,56273
2367,5.166,10.247,56805
2368,5.160,10.245,57438
2369,5.153,10.243,57864
2370,5.147,10.241,58087
2371,5.140,10.238,58192
2372,5.134,10.236,58129
2373,5.127,10.234,57810
2374,5.121,10.231,57244
2375,5.114,10.229,56313
2376,5.108,10.227,54619
2377,5.101,10.224,52752
2378,5.095,10.222,50541
2379,5.088,10.219,47481
2380,5.082,10.217,44870
2381,5.075,10.215,41652
2382,5.069,10.212,39151
2383,5.062,10.210,36812
2384,5.056,10.207,34232
2385,5.049,10.205,32370
2386,5.043,10.202,30741
2387,5.036,10.200,29146
2388,5.030,10.197,28062
2389,5.023,10.195,27169
2390,5.017,10.192,26584
2391,5.010,10.190,26175
2392,5.004,10.187,25999
2393,4.997,10.184,25858
2394,4.990,10.182,25960
2395,4.984,10.179,26011
2396,4.977,10.177,26163
2397,4.971,10.174,26742
2398,4.964,10.171,27220
2399,4.958,10.169,28368
2400,4.951,10.166,29298
2401,4.945,10.163,30444
2402,4.938,10.161,32542
2403,4.932,10.158,34193
2404,4.925,10.155,36935
2405,4.919,10.152,39023
2406,4.912,10.150,42203
2407,4.906,10.147,44459
2408,4.899,10.144,46663
2409,4.893,10.141,49493
2410,4.886,10.138,51219
2411,4.880,10.136,53096
2412,4.873,10.133,54115
2413,4.867,10.130,55017
2414,4.860,10.127,55487
2415,4.854,10.124,55810
2416,4.847,10.121,55976
2417,4.841,10.118,56068
2418,4.834,10.115,55992
2419,4.828,10.112,55908
2420,4.821,10.110,55584
2421,4.815,10.107,55263
2422,4.808,10.104,54555
2423,4.802,10.101,53843
2424,4.795,10.098,52547
2425,4.789,10.095,51289
2426,4.782,10.091,49310
2427,4.776,10.088,47512
2428,4.769,10.085,45530
2429,4.763,10.082,42881
2430,4.756,10.079,40732
2431,4.750,10.076,38101
2432,4.743,10.073,36133
2433,4.737,10.070,33882
2434,4.730,10.067,32323
2435,4.724,10.063,30616
2436,4.717,10.060,29521
2437,4.711,10.057,28373
2438,4.704,10.054,27712
2439,4.698,10.051,27098
2440,4.691,10.047,26805
2441,4.685,10.044,26608
2442,4.678,10.041,26550
2443,4.672,10.038,26610
2444,4.665,10.034,26724
2445,4.659,10.031,27073
2446,4.652,10.028,27477
2447,4.646,10.024,28337
2448,4.639,10.021,29196
2449,4.633,10.018,30738
2450,4.626,10.014,32118
2451,4.620,10.011,34332
2452,4.613,10.007,36149
2453,4.607,10.004,38811
2454,4.600,10.000,41559
2455,4.594,9.997,43558
2456,4.587,9.993,46067
2457,4.581,9.990,47719
2458,4.574,9.986,49466
2459,4.568,9.983,50460
2460,4.561,9.979,51280
2461,4.555,9.976,51705
2462,4.548,9.972,51981
2463,4.542,9.969,52150
2464,4.535,9.965,52224
2465,4.529,9.961,52212
2466,4.522,9.958,52212
2467,4.516,9.954,52090
2468,4.509,9.950,52039
2469,4.503,9.947,51897
2470,4.496,9.943,51840
2471,4.489,9.939,51673
2472,4.483,9.935,51575
2473,4.476,9.932,51282
2474,4.470,9.928,50818
2475,4.463,9.924,50435
2476,4.457,9.920,49374
2477,4.450,9.917,48491
2478,4.444,9.913,46487
2479,4.437,9.909,43986
2480,4.431,9.905,42308
2481,4.424,9.901,39512
2482,4.418,9.897,37826
2483,4.411,9.893,35354
2484,4.405,9.889,33240
2485,4.398,9.885,32113
2486,4.392,9.881,30693
2487,4.385,9.877,30016
2488,4.379,9.873,29290
2489,4.372,9.869,28896
2490,4.366,9.865,28746
2491,4.359,9.861,28696
2492,4.353,9.857,28817
2493,4.346,9.853,28950
2494,4.340,9.849,29434
2495,4.333,9.845,29824
2496,4.327,9.841,30825
2497,4.320,9.836,32209
2498,4.314,9.832,33192
2499,4.307,9.828,35261
2500,4.301,9.824,37746
2501,4.294,9.820,39350
2502,4.288,9.815,42332
2503,4.281,9.811,45413
2504,4.275,9.807,47141
2505,4.268,9.802,49909
2506,4.262,9.798,52130
2507,4.255,9.794,53101
2508,4.249,9.789,54201
2509,4.242,9.785,54685
2510,4.236,9.781,54765
2511,4.229,9.776,54560
2512,4.223,9.772,53893
2513,4.216,9.767,53221
2514,4.210,9.763,51623
2515,4.203,9.758,49522
2516,4.197,9.754,48009
2517,4.190,9.749,45406
2518,4.184,9.745,42754
2519,4.177,9.740,40226
2520,4.171,9.736,38651
2521,4.164,9.731,36569
2522,4.158,9.726,34853
2523,4.151,9.722,33849
2524,4.145,9.717,32680
2525,4.138,9.712,31764
2526,4.132,9.708,31030
2527,4.125,9.703,30623
2528,4.119,9.698,30109
2529,4.112,9.693,29707
2530,4.106,9.688,29529
2531,4.099,9.684,29323
2532,4.093,9.679,29229
2533,4.086,9.674,29232
2534,4.080,9.669,29263
2535,4.073,9.664,29398
2536,4.067,9.659,29648
2537,4.060,9.654,30068
2538,4.054,9.649,30348
2539,4.047,9.644,31102
2540,4.041,9.639,32120
2541,4.034,9.634,33424
2542,4.028,9.629,35043
2543,4.021,9.624,35939
2544,4.015,9.619,38051
2545,4.008,9.614,40414
2546,4.002,9.609,42853
2547,3.995,9.604,44092
2548,3.988,9.599,46232
2549,3.982,9.593,47900
2550,3.975,9.588,49028
2551,3.969,9.583,49690
2552,3.962,9.578,50025
2553,3.956,9.572,50274
2554,3.949,9.567,50404
2555,3.943,9.562,50462
2556,3.936,9.556,50474
2557,3.930,9.551,50453
2558,3.923,9.546,50564
2559,3.917,9.540,50524
2560,3.910,9.535,50465
2561,3.904,9.529,50369
2562,3.897,9.524,50201
2563,3.891,9.518,49882
2564,3.884,9.513,49795
2565,3.878,9.507,48999
2566,3.871,9.501,47631
2567,3.865,9.496,45604
2568,3.858,9.490,43009
2569,3.852,9.484,40095
2570,3.845,9.479,37165
2571,3.839,9.473,34475
2572,3.832,9.467,33069
2573,3.826,9.462,30938
2574,3.819,9.456,29272
2575,3.813,9.450,28019
2576,3.806,9.444,27109
2577,3.800,9.438,26468
2578,3.793,9.432,26035
2579,3.787,9.426,25766
2580,3.780,9.420,25630
2581,3.774,9.414,25612
2582,3.767,9.408,25707
2583,3.761,9.402,25637
2584,3.754,9.396,25907
2585,3.748,9.390,26285
2586,3.741,9.384,26788
2587,3.735,9.378,27430
2588,3.728,9.372,28215
2589,3.722,9.366,29142
2590,3.715,9.359,30216
2591,3.709,9.353,31462
2592,3.702,9.347,32916
2593,3.696,9.340,34601
2594,3.689,9.334,36495
2595,3.683,9.328,38528
2596,3.676,9.321,40601
2597,3.670,9.315,42621
2598,3.663,9.308,44527
2599,3.657,9.302,46302
2600,3.650,9.295,47972
2601,3.652,9.298,47713
2602,3.646,9.291,49305
2603,3.640,9.285,50826
2604,3.633,9.278,52242
2605,3.627,9.272,53438
2606,3.620,9.265,54280
2607,3.614,9.259,54714
2608,3.608,9.252,54737
2609,3.601,9.246,54279
2610,3.595,9.239,53160
2611,3.589,9.233,51237
2612,3.583,9.226,48610
2613,3.577,9.220,45613
2614,3.571,9.213,42663
2615,3.564,9.207,40086
2616,3.558,9.200,38038
2617,3.552,9.194,36526
2618,3.546,9.187,35629
2619,3.540,9.181,34776
2620,3.534,9.174,34192
2621,3.528,9.168,33792
2622,3.522,9.161,33523
2623,3.517,9.155,33366
2624,3.511,9.148,33315
2625,3.505,9.142,33385
2626,3.499,9.135,33590
2627,3.493,9.129,33955
2628,3.488,9.122,33522
2629,3.482,9.116,34051
2630,3.476,9.109,34782
2631,3.470,9.103,35719
2632,3.465,9.096,36832
2633,3.459,9.090,38058
2634,3.454,9.083,39333
2635,3.448,9.077,40600
2636,3.442,9.070,39736
2637,3.437,9.064,40929
2638,3.431,9.057,42128
2639,3.426,9.051,43341
2640,3.420,9.044,44563
2641,3.415,9.038,45776
2642,3.409,9.031,45027
2643,3.404,9.025,46278
2644,3.399,9.018,47488
2645,3.393,9.012,48633
2646,3.388,9.005,49692
2647,3.383,8.998,50648
2648,3.377,8.992,50348
2649,3.372,8.985,51297
2650,3.367,8.979,52104
2651,3.362,8.972,52757
2652,3.357,8.966,53258
2653,3.351,8.959,53231
2654,3.346,8.953,53632
2655,3.341,8.946,53917
2656,3.336,8.940,54126
2657,3.331,8.933,54294
2658,3.326,8.927,54327
2659,3.321,8.920,54502
2660,3.316,8.914,54641
2661,3.311,8.907,54742
2662,3.306,8.901,54705
2663,3.301,8.894,54760
2664,3.296,8.888,54764
2665,3.291,8.881,54684
2666,3.286,8.875,54329
2667,3.281,8.868,53950
2668,3.276,8.862,53305
2669,3.272,8.855,52307
2670,3.267,8.849,50768
2671,3.262,8.842,48993
2672,3.257,8.836,46908
2673,3.253,8.829,44661
2674,3.248,8.823,42192
2675,3.243,8.816,40043
2676,3.238,8.810,38116
2677,3.234,8.803,36163
2678,3.229,8.797,34750
2679,3.224,8.790,33585
2680,3.220,8.784,32642
2681,3.215,8.777,31671
2682,3.211,8.771,31121
2683,3.206,8.764,30743
2684,3.202,8.758,30271
2685,3.197,8.751,30186
2686,3.193,8.745,30248
2687,3.188,8.738,30461
2688,3.184,8.732,30400
2689,3.179,8.725,30938
2690,3.175,8.719,31830
2691,3.170,8.712,32221
2692,3.166,8.706,33882
2693,3.162,8.699,36184
2694,3.157,8.693,37246
2695,3.153,8.686,40327
2696,3.149,8.680,43632
2697,3.144,8.673,45011
2698,3.140,8.667,47957
2699,3.136,8.660,50147
2700,3.132,8.654,50999
2701,3.128,8.647,52010
2702,3.123,8.641,52453
2703,3.119,8.634,52581
2704,3.115,8.628,52244
2705,3.111,8.621,52233
2706,3.107,8.615,51361
2707,3.103,8.608,50242
2708,3.099,8.602,50056
2709,3.094,8.595,48935
2710,3.090,8.589,47935
2711,3.086,8.582,47928
2712,3.082,8.576,47176
2713,3.078,8.569,47303
2714,3.074,8.563,46780
2715,3.070,8.556,46369
2716,3.066,8.550,46690
2717,3.063,8.543,46430
2718,3.059,8.537,46862
2719,3.055,8.530,46757
2720,3.051,8.524,46730
2721,3.047,8.517,47359
2722,3.043,8.511,47453
2723,3.039,8.504,48173
2724,3.035,8.497,48339
2725,3.032,8.491,48522
2726,3.028,8.484,49250
2727,3.024,8.478,49412
2728,3.020,8.471,50058
2729,3.017,8.465,50167
2730,3.013,8.458,50701
2731,3.009,8.452,50760
2732,3.006,8.445,50802
2733,3.002,8.439,51213
2734,2.998,8.432,51226
2735,2.995,8.426,51580
2736,2.991,8.419,51578
2737,2.987,8.413,51906
2738,2.984,8.406,51888
2739,2.980,8.400,52219
2740,2.977,8.393,52170
2741,2.973,8.387,52060
2742,2.970,8.380,52445
2743,2.966,8.374,52301
2744,2.963,8.367,52742
2745,2.959,8.361,52598
2746,2.956,8.354,53102
2747,2.952,8.348,52990
2748,2.949,8.341,53518
2749,2.945,8.335,53410
2750,2.942,8.328,53850
2751,2.938,8.322,53660
2752,2.935,8.315,53885
2753,2.932,8.309,53527
2754,2.928,8.302,53446
2755,2.925,8.296,52861
2756,2.922,8.289,52354
2757,2.918,8.283,51444
2758,2.915,8.276,50330
2759,2.912,8.270,49042
2760,2.909,8.263,47311
2761,2.905,8.257,45813
2762,2.902,8.250,43750
2763,2.899,8.244,42369
2764,2.896,8.237,40391
2765,2.893,8.231,39440
2766,2.889,8.224,37873
2767,2.886,8.218,37568
2768,2.883,8.211,36558
2769,2.880,8.205,36961
2770,2.877,8.198,36452
2771,2.874,8.192,37536
2772,2.871,8.185,37494
2773,2.868,8.179,39286
2774,2.865,8.172,39692
2775,2.862,8.166,42060
2776,2.859,8.159,42825
2777,2.856,8.153,45469
2778,2.853,8.146,46431
2779,2.850,8.140,48898
2780,2.847,8.133,49839
2781,2.844,8.127,50773
2782,2.841,8.120,52365
2783,2.838,8.114,52993
2784,2.835,8.107,53756
2785,2.832,8.101,54068
2786,2.829,8.094,54273
2787,2.826,8.088,54366
2788,2.824,8.081,54247
2789,2.821,8.075,54153
2790,2.818,8.068,53950
2791,2.815,8.062,53309
2792,2.812,8.055,52736
2793,2.809,8.049,51540
2794,2.807,8.042,50503
2795,2.804,8.036,48793
2796,2.801,8.029,47399
2797,2.798,8.023,45917
2798,2.796,8.016,43932
2799,2.793,8.010,42460
2800,2.790,8.003,40714
2801,2.788,7.996,39506
2802,2.785,7.990,38474
2803,2.782,7.983,37509
2804,2.780,7.977,36934
2805,2.777,7.970,36561
2806,2.775,7.964,36340
2807,2.772,7.957,36222
2808,2.769,7.951,36352
2809,2.767,7.944,36470
2810,2.764,7.938,37019
2811,2.762,7.931,37512
2812,2.759,7.925,38199
2813,2.757,7.918,39657
2814,2.754,7.912,40759
2815,2.752,7.905,42724
2816,2.749,7.899,44023
2817,2.747,7.892,45315
2818,2.744,7.886,47256
2819,2.742,7.879,48226
2820,2.739,7.873,48954
2821,2.737,7.866,49833
2822,2.735,7.860,49930
2823,2.732,7.853,50001
2824,2.730,7.847,49527
2825,2.727,7.840,48805
2826,2.725,7.834,47658
2827,2.723,7.827,46368
2828,2.720,7.821,44956
2829,2.718,7.814,43092
2830,2.716,7.808,41628
2831,2.714,7.801,40228
2832,2.711,7.795,38485
2833,2.709,7.788,37279
2834,2.707,7.782,36198
2835,2.705,7.775,34882
2836,2.702,7.769,34148
2837,2.700,7.762,33283
2838,2.698,7.756,32942
2839,2.696,7.749,32754
2840,2.694,7.743,32485
2841,2.691,7.736,32561
2842,2.689,7.730,32753
2843,2.687,7.723,33080
2844,2.685,7.717,33449
2845,2.683,7.710,34144
2846,2.681,7.704,35027
2847,2.679,7.697,36037
2848,2.677,7.691,37232
2849,2.675,7.684,38506
2850,2.673,7.678,39795
2851,2.671,7.671,41074
2852,2.669,7.665,42282
2853,2.667,7.658,43290
2854,2.665,7.652,44188
2855,2.663,7.645,44910
2856,2.661,7.639,45252
2857,2.659,7.632,45607
2858,2.657,7.626,45847
2859,2.655,7.619,46002
2860,2.653,7.613,45778
2861,2.651,7.606,45800
2862,2.649,7.600,45796
2863,2.647,7.593,45465
2864,2.645,7.587,45473
2865,2.643,7.580,45525
2866,2.642,7.574,45316
2867,2.640,7.567,45476
2868,2.638,7.561,45696
2869,2.636,7.554,45964
2870,2.634,7.548,45944
2871,2.632,7.541,46220
2872,2.631,7.535,46447
2873,2.629,7.528,46594
2874,2.627,7.522,46351
2875,2.625,7.515,46296
2876,2.624,7.509,46107
2877,2.622,7.502,45488
2878,2.620,7.495,44940
2879,2.619,7.489,44148
2880,2.617,7.482,43098
2881,2.615,7.476,41683
2882,2.614,7.469,40241
2883,2.612,7.463,38672
2884,2.610,7.456,37050
2885,2.609,7.450,35513
2886,2.607,7.443,34008
2887,2.605,7.437,32621
2888,2.604,7.430,31394
2889,2.602,7.424,30536
2890,2.601,7.417,29732
2891,2.599,7.411,29138
2892,2.598,7.404,28730
2893,2.596,7.398,28710
2894,2.594,7.391,28589
2895,2.593,7.385,28584
2896,2.591,7.378,28697
2897,2.590,7.372,28946
2898,2.588,7.365,29736
2899,2.587,7.359,30367
2900,2.586,7.352,31190
2901,2.584,7.346,32190
2902,2.583,7.339,33886
2903,2.581,7.333,35171
2904,2.580,7.326,36537
2905,2.578,7.320,37952
2906,2.577,7.313,39376
2907,2.576,7.307,41224
2908,2.574,7.300,42494
2909,2.573,7.294,43633
2910,2.572,7.287,44606
2911,2.570,7.281,45383
2912,2.569,7.274,46038
2913,2.568,7.268,46390
2914,2.566,7.261,46614
2915,2.565,7.255,46739
2916,2.564,7.248,46788
2917,2.563,7.242,46688
2918,2.561,7.235,46603
2919,2.560,7.229,46462
2920,2.559,7.222,46270
2921,2.558,7.216,46041
2922,2.556,7.209,45703
2923,2.555,7.203,45494
2924,2.554,7.196,45322
2925,2.553,7.190,45193
2926,2.552,7.183,45112
2927,2.551,7.177,45075
2928,2.549,7.170,45081
2929,2.548,7.164,45161
2930,2.547,7.157,45295
2931,2.546,7.151,45494
2932,2.545,7.144,45760
2933,2.544,7.138,46166
2934,2.543,7.131,46569
2935,2.542,7.125,47013
2936,2.541,7.118,47484
2937,2.540,7.112,47972
2938,2.539,7.105,48465
2939,2.538,7.099,48944
2940,2.537,7.092,49494
2941,2.536,7.086,49885
2942,2.535,7.079,50194
2943,2.534,7.073,50414
2944,2.533,7.066,50543
2945,2.532,7.060,50586
2946,2.531,7.053,50639
2947,2.530,7.047,50500
2948,2.529,7.040,50223
2949,2.528,7.034,49761
2950,2.527,7.027,49079
2951,2.526,7.021,48162
2952,2.525,7.014,47030
2953,2.525,7.008,45724
2954,2.524,7.001,44671
2955,2.523,6.994,43236
2956,2.522,6.988,41805
2957,2.521,6.981,40428
2958,2.520,6.975,39151
2959,2.520,6.968,38013
2960,2.519,6.962,37043
2961,2.518,6.955,36255
2962,2.517,6.949,36259
2963,2.517,6.942,35848
2964,2.516,6.936,35598
2965,2.515,6.929,35505
2966,2.514,6.923,35568
2967,2.514,6.916,35784
2968,2.513,6.910,36164
2969,2.512,6.903,36723
2970,2.512,6.897,37484
2971,2.511,6.890,38908
2972,2.510,6.884,40054
2973,2.510,6.877,41363
2974,2.509,6.871,42794
2975,2.508,6.864,44295
2976,2.508,6.858,45821
2977,2.507,6.851,47325
2978,2.506,6.845,48761
2979,2.506,6.838,50074
2980,2.505,6.832,51212
2981,2.505,6.825,52206
2982,2.504,6.819,52858
2983,2.504,6.812,53293
2984,2.503,6.806,53546
2985,2.503,6.799,53656
2986,2.502,6.793,53643
2987,2.502,6.786,53504
2988,2.501,6.780,53207
2989,2.501,6.773,52704
2990,2.500,6.767,51957
2991,2.500,6.760,50945
2992,2.499,6.754,49675
2993,2.499,6.747,48181
2994,2.498,6.741,46508
2995,2.498,6.734,44762
2996,2.498,6.728,42995
2997,2.497,6.721,41278
2998,2.497,6.715,39670
2999,2.497,6.708,38216
3000,2.496,6.702,36948
3001,2.496,6.695,35887
3002,2.495,6.689,35043
3003,2.495,6.682,34410
3004,2.495,6.676,33966
3005,2.495,6.669,33678
3006,2.494,6.663,33515
3007,2.494,6.656,33456
3008,2.494,6.650,33496
3009,2.493,6.643,33643
3010,2.493,6.637,33919
3011,2.493,6.630,34351
3012,2.493,6.624,34963
3013,2.492,6.617,35773
3014,2.492,6.611,36787
3015,2.492,6.604,37990
3016,2.492,6.598,39520
3017,2.492,6.591,41063
3018,2.492,6.585,42712
3019,2.491,6.578,44421
3020,2.491,6.572,46128
3021,2.491,6.565,47756
3022,2.491,6.559,49220
3023,2.491,6.552,50445
3024,2.491,6.546,51384
3025,2.491,6.539,52036
3026,2.491,6.533,52432
3027,2.491,6.526,52629
3028,2.490,6.520,52665
3029,2.490,6.513,52549
3030,2.490,6.507,52251
3031,2.490,6.500,51706
3032,2.490,6.493,50850
3033,2.490,6.487,49642
3034,2.490,6.480,48083
3035,2.490,6.474,46217
3036,2.490,6.467,44117
3037,2.490,6.461,41879
3038,2.490,6.454,39603
3039,2.491,6.448,37386
3040,2.491,6.441,35315
3041,2.491,6.435,33451
3042,2.491,6.428,31833
3043,2.491,6.422,30477
3044,2.491,6.415,29379
3045,2.491,6.409,28523
3046,2.491,6.402,27881
3047,2.491,6.396,27422
3048,2.492,6.389,27108
3049,2.492,6.383,26909
3050,2.492,6.376,26796
3051,2.492,6.370,26850
3052,2.492,6.363,26901
3053,2.492,6.357,27031
3054,2.493,6.350,27251
3055,2.493,6.344,27573
3056,2.493,6.337,28005
3057,2.493,6.331,28556
3058,2.494,6.324,29236
3059,2.494,6.318,30060
3060,2.494,6.311,31045
3061,2.495,6.305,32206
3062,2.495,6.298,33545
3063,2.495,6.292,35054
3064,2.495,6.285,36706
3065,2.496,6.279,38466
3066,2.496,6.272,40296
3067,2.497,6.266,42156
3068,2.497,6.259,44006
3069,2.497,6.253,45798
3070,2.498,6.246,47470
3071,2.498,6.240,48955
3072,2.498,6.233,50191
3073,2.499,6.227,51372
3074,2.499,6.220,51921
3075,2.500,6.214,52242
3076,2.500,6.207,52387
3077,2.501,6.201,52389
3078,2.501,6.194,52254
3079,2.502,6.188,51963
3080,2.502,6.181,51488
3081,2.503,6.175,50811
3082,2.503,6.168,49937
3083,2.504,6.162,48894
3084,2.504,6.155,47732
3085,2.505,6.149,46510
3086,2.505,6.142,44235
3087,2.506,6.136,43073
3088,2.506,6.129,42067
3089,2.507,6.123,41254
3090,2.508,6.116,40648
3091,2.508,6.110,40252
3092,2.509,6.103,40063
3093,2.510,6.097,40077
3094,2.510,6.090,40288
3095,2.511,6.084,40693
3096,2.512,6.077,40541
3097,2.512,6.071,41355
3098,2.513,6.064,42378
3099,2.514,6.058,43584
3100,2.514,6.051,44928
3101,2.515,6.045,46345
3102,2.516,6.038,47762
3103,2.517,6.032,49099
3104,2.517,6.025,50284
3105,2.518,6.019,51018
3106,2.519,6.012,51812
3107,2.520,6.006,52351
3108,2.520,5.999,52668
3109,2.521,5.992,52804
3110,2.522,5.986,52790
3111,2.523,5.979,52616
3112,2.524,5.973,52242
3113,2.525,5.966,51363
3114,2.525,5.960,50364
3115,2.526,5.953,49068
3116,2.527,5.947,47530
3117,2.528,5.940,45839
3118,2.529,5.934,44085
3119,2.530,5.927,42350
3120,2.531,5.921,40701
3121,2.532,5.914,38879
3122,2.533,5.908,37581
3123,2.534,5.901,36480
3124,2.535,5.895,35590
3125,2.536,5.888,34910
3126,2.537,5.882,34427
3127,2.538,5.875,33982
3128,2.539,5.869,33831
3129,2.540,5.862,33798
3130,2.541,5.856,33872
3131,2.542,5.849,34061
3132,2.543,5.843,34392
3133,2.544,5.836,34894
3134,2.545,5.830,35617
3135,2.546,5.823,36543
3136,2.547,5.817,37648
3137,2.548,5.810,38894
3138,2.549,5.804,40236
3139,2.551,5.797,41766
3140,2.552,5.791,43114
3141,2.553,5.784,44347
3142,2.554,5.778,45387
3143,2.555,5.771,46180
3144,2.556,5.765,46710
3145,2.558,5.758,46972
3146,2.559,5.752,47015
3147,2.560,5.745,46862
3148,2.561,5.739,46494
3149,2.563,5.732,45886
3150,2.564,5.726,44835
3151,2.565,5.719,43750
3152,2.566,5.713,42534
3153,2.568,5.706,41256
3154,2.569,5.700,39970
3155,2.570,5.693,38472
3156,2.572,5.687,37322
3157,2.573,5.680,36295
3158,2.574,5.674,35427
3159,2.576,5.667,34739
3160,2.577,5.661,34147
3161,2.578,5.654,33839
3162,2.580,5.648,33660
3163,2.581,5.641,33585
3164,2.583,5.635,33602
3165,2.584,5.628,33740
3166,2.586,5.622,33998
3167,2.587,5.615,34405
3168,2.588,5.609,34986
3169,2.590,5.602,35909
3170,2.591,5.596,36912
3171,2.593,5.589,38111
3172,2.594,5.583,39492
3173,2.596,5.576,41022
3174,2.598,5.570,42918
3175,2.599,5.563,44569
3176,2.601,5.557,46157
3177,2.602,5.550,47600
3178,2.604,5.544,48971
3179,2.605,5.537,49900
3180,2.607,5.531,50575
3181,2.609,5.524,51022
3182,2.610,5.518,51249
3183,2.612,5.511,51352
3184,2.614,5.505,51339
3185,2.615,5.498,51204
3186,2.617,5.491,50736
3187,2.619,5.485,50200
3188,2.620,5.478,49421
3189,2.622,5.472,48388
3190,2.624,5.465,46624
3191,2.625,5.459,45105
3192,2.627,5.452,43458
3193,2.629,5.446,41090
3194,2.631,5.439,39370
3195,2.632,5.433,37709
3196,2.634,5.426,36151
3197,2.636,5.420,34152
3198,2.638,5.413,32949
3199,2.640,5.407,31918
3200,2.642,5.400,31060
3201,2.643,5.394,30019
3202,2.645,5.387,29544
3203,2.647,5.381,29212
3204,2.649,5.374,28774
3205,2.651,5.368,28714
3206,2.653,5.361,28744
3207,2.655,5.355,28717
3208,2.657,5.348,28973
3209,2.659,5.342,29350
3210,2.661,5.335,29871
3211,2.663,5.329,30618
3212,2.665,5.322,31555
3213,2.667,5.316,32674
3214,2.669,5.309,34241
3215,2.671,5.303,35760
3216,2.673,5.296,37398
3217,2.675,5.290,39537
3218,2.677,5.283,41310
3219,2.679,5.277,43038
3220,2.681,5.270,45054
3221,2.683,5.264,46493
3222,2.685,5.257,47723
3223,2.687,5.251,48916
3224,2.689,5.244,49624
3225,2.691,5.238,50123
3226,2.694,5.231,50445
3227,2.696,5.225,50567
3228,2.698,5.218,50603
3229,2.700,5.212,50534
3230,2.702,5.205,50086
3231,2.705,5.199,49635
3232,2.707,5.192,48426
3233,2.709,5.186,47382
3234,2.711,5.179,46098
3235,2.714,5.173,43728
3236,2.716,5.166,42009
3237,2.718,5.160,40193
3238,2.720,5.153,37436
3239,2.723,5.147,35621
3240,2.725,5.140,33889
3241,2.727,5.134,31578
3242,2.730,5.127,30183
3243,2.732,5.121,28959
3244,2.735,5.114,27482
3245,2.737,5.108,26671
3246,2.739,5.101,25753
3247,2.742,5.095,25273
3248,2.744,5.088,24899
3249,2.747,5.082,24475
3250,2.749,5.075,24258
3251,2.752,5.069,24085
3252,2.754,5.062,23870
3253,2.757,5.056,23760
3254,2.759,5.049,23640
3255,2.762,5.043,23576
3256,2.764,5.036,23535
3257,2.767,5.030,23523
3258,2.769,5.023,23531
3259,2.772,5.017,23603
3260,2.775,5.010,23659
3261,2.777,5.004,23733
3262,2.780,4.997,23898
3263,2.782,4.990,24013
3264,2.785,4.984,24269
3265,2.788,4.977,24431
3266,2.790,4.971,24611
3267,2.793,4.964,24968
3268,2.796,4.958,25177
3269,2.798,4.951,25595
3270,2.801,4.945,25831
3271,2.804,4.938,26087
3272,2.807,4.932,26608
3273,2.809,4.925,26922
3274,2.812,4.919,27554
3275,2.815,4.912,27937
3276,2.818,4.906,28672
3277,2.821,4.899,29113
3278,2.824,4.893,29596
3279,2.826,4.886,30417
3280,2.829,4.880,30968
3281,2.832,4.873,31912
3282,2.835,4.867,32604
3283,2.838,4.860,33820
3284,2.841,4.854,34771
3285,2.844,4.847,36435
3286,2.847,4.841,37726
3287,2.850,4.834,39177
3288,2.853,4.828,41411
3289,2.856,4.821,42992
3290,2.859,4.815,45189
3291,2.862,4.808,46505
3292,2.865,4.802,48113
3293,2.868,4.795,48870
3294,2.871,4.789,49717
3295,2.874,4.782,50003
3296,2.877,4.776,50371
3297,2.880,4.769,50432
3298,2.883,4.763,50591
3299,2.886,4.756,50558
3300,2.889,4.750,50630
3301,2.893,4.743,50569
3302,2.896,4.737,50642
3303,2.899,4.730,50610
3304,2.902,4.724,50751
3305,2.905,4.717,50787
3306,2.909,4.711,51013
3307,2.912,4.704,51115
3308,2.915,4.698,51373
3309,2.918,4.691,51494
3310,2.922,4.685,51698
3311,2.925,4.678,51777
3312,2.928,4.672,51856
3313,2.932,4.665,51866
3314,2.935,4.659,51791
3315,2.938,4.652,51712
3316,2.942,4.646,51372
3317,2.945,4.639,51100
3318,2.949,4.633,50168
3319,2.952,4.626,49521
3320,2.956,4.620,47662
3321,2.959,4.613,46562
3322,2.963,4.607,43859
3323,2.966,4.600,42452
3324,2.970,4.594,39404
3325,2.973,4.587,37957
3326,2.977,4.581,35102
3327,2.980,4.574,32593
3328,2.984,4.568,31530
3329,2.987,4.561,29690
3330,2.991,4.555,28981
3331,2.995,4.548,27836
3332,2.998,4.542,27456
3333,3.002,4.535,26857
3334,3.006,4.529,26710
3335,3.009,4.522,26454
3336,3.013,4.516,26352
3337,3.017,4.509,26426
3338,3.020,4.503,26528
3339,3.024,4.496,26752
3340,3.028,4.489,27132
3341,3.032,4.483,27592
3342,3.035,4.476,28398
3343,3.039,4.470,29523
3344,3.043,4.463,30498
3345,3.047,4.457,32111
3346,3.051,4.450,33374
3347,3.055,4.444,35309
3348,3.059,4.437,37305
3349,3.063,4.431,38679
3350,3.066,4.424,40436
3351,3.070,4.418,41533
3352,3.074,4.411,42589
3353,3.078,4.405,43137
3354,3.082,4.398,43418
3355,3.086,4.392,43241
3356,3.090,4.385,43091
3357,3.094,4.379,42199
3358,3.099,4.372,40882
3359,3.103,4.366,40014
3360,3.107,4.359,38276
3361,3.111,4.353,36558
3362,3.115,4.346,35614
3363,3.119,4.340,34193
3364,3.123,4.333,33079
3365,3.128,4.327,32549
3366,3.132,4.320,31951
3367,3.136,4.314,31707
3368,3.140,4.307,31514
3369,3.144,4.301,31498
3370,3.149,4.294,31541
3371,3.153,4.288,31800
3372,3.157,4.281,32321
3373,3.162,4.275,32739
3374,3.166,4.268,33784
3375,3.170,4.262,35168
3376,3.175,4.255,36030
3377,3.179,4.249,37852
3378,3.184,4.242,39916
3379,3.188,4.236,41074
3380,3.193,4.229,43337
3381,3.197,4.223,45525
3382,3.202,4.216,47431
3383,3.206,4.210,48229
3384,3.211,4.203,49376
3385,3.215,4.197,50007
3386,3.220,4.190,50119
3387,3.224,4.184,50168
3388,3.229,4.177,49893
3389,3.234,4.171,49205
3390,3.238,4.164,48584
3391,3.243,4.158,47130
3392,3.248,4.151,45285
3393,3.253,4.145,44141
3394,3.257,4.138,42044
3395,3.262,4.132,40006
3396,3.267,4.125,38172
3397,3.272,4.119,37250
3398,3.276,4.112,35919
3399,3.281,4.106,34983
3400,3.286,4.099,34418
3401,3.291,4.093,34161
3402,3.296,4.086,34012
3403,3.301,4.080,34067
3404,3.306,4.073,34348
3405,3.311,4.067,34546
3406,3.316,4.060,35339
3407,3.321,4.054,36542
3408,3.326,4.047,38125
3409,3.331,4.041,39057
3410,3.336,4.034,41092
3411,3.341,4.028,43334
3412,3.346,4.021,45668
3413,3.351,4.015,47886
3414,3.357,4.008,48974
3415,3.362,4.002,50539
3416,3.367,3.995,51479
3417,3.372,3.988,51850
3418,3.377,3.982,51717
3419,3.383,3.975,51646
3420,3.388,3.969,50636
3421,3.393,3.962,48858
3422,3.399,3.956,46406
3423,3.404,3.949,43562
3424,3.409,3.943,40635
3425,3.415,3.936,39724
3426,3.420,3.930,37098
3427,3.426,3.923,34824
3428,3.431,3.917,32956
3429,3.437,3.910,31510
3430,3.442,3.904,30478
3431,3.448,3.897,30497
3432,3.454,3.891,29977
3433,3.459,3.884,29750
3434,3.465,3.878,29778
3435,3.470,3.871,30062
3436,3.476,3.865,30642
3437,3.482,3.858,31579
3438,3.488,3.852,32906
3439,3.493,3.845,34209
3440,3.499,3.839,36080
3441,3.505,3.832,38123
3442,3.511,3.826,40137
3443,3.517,3.819,41911
3444,3.522,3.813,43278
3445,3.528,3.806,44167
3446,3.534,3.800,44600
3447,3.540,3.793,44622
3448,3.546,3.787,44270
3449,3.552,3.780,44497
3450,3.558,3.774,43614
3451,3.564,3.767,42469
3452,3.571,3.761,41192
3453,3.577,3.754,39941
3454,3.583,3.748,38853
3455,3.589,3.741,38024
3456,3.595,3.735,37490
3457,3.601,3.728,37239
3458,3.608,3.722,37261
3459,3.614,3.715,37567
3460,3.620,3.709,38200
3461,3.627,3.702,39220
3462,3.633,3.696,40652
3463,3.640,3.689,42449
3464,3.646,3.683,44499
3465,3.652,3.676,46649
